ANIO,FECHA,ARMA_BLANCA,ARMA_FUEGO,CONTUNDENTES,SIN_ARMAS
2010,01/01/2010,5,0,9,13
2010,01/02/2010,18,4,7,10
2010,01/03/2010,23,4,10,9
2010,01/04/2010,11,6,16,26
2010,01/05/2010,13,5,14,14
2010,01/06/2010,18,5,12,26
2010,01/07/2010,25,8,6,19
2010,01/08/2010,26,5,12,17
2010,01/09/2010,20,9,7,27
2010,01/10/2010,35,6,8,9
2010,01/11/2010,9,7,17,13
2010,01/12/2010,32,6,12,19
2010,01/13/2010,9,6,11,17
2010,01/14/2010,8,8,20,16
2010,01/15/2010,24,9,2,27
2010,01/16/2010,24,11,11,10
2010,01/17/2010,14,6,11,10
2010,01/18/2010,34,8,15,25
2010,01/19/2010,5,7,10,32
2010,01/20/2010,12,6,8,16
2010,01/21/2010,35,7,10,18
2010,01/22/2010,34,6,12,30
2010,01/23/2010,4,6,8,26
2010,01/24/2010,34,5,6,13
2010,01/25/2010,33,7,10,22
2010,01/26/2010,2,5,6,13
2010,01/27/2010,7,8,12,24
2010,01/28/2010,3,8,4,19
2010,01/29/2010,29,10,8,27
2010,01/30/2010,12,13,6,19
2010,01/31/2010,6,7,14,11
2010,02/01/2010,4,7,18,25
2010,02/02/2010,9,4,5,22
2010,02/03/2010,30,12,13,12
2010,02/04/2010,4,8,10,20
2010,02/05/2010,13,11,12,22
2010,02/06/2010,2,5,16,17
2010,02/07/2010,30,9,4,8
2010,02/08/2010,11,11,11,18
2010,02/09/2010,23,5,7,22
2010,02/10/2010,35,9,9,24
2010,02/11/2010,13,7,7,11
2010,02/12/2010,20,7,9,19
2010,02/13/2010,25,10,6,21
2010,02/14/2010,27,6,10,9
2010,02/15/2010,30,1,13,25
2010,02/16/2010,35,8,10,19
2010,02/17/2010,18,5,6,16
2010,02/18/2010,18,4,7,23
2010,02/19/2010,11,10,4,14
2010,02/20/2010,24,5,6,14
2010,02/21/2010,14,8,7,11
2010,02/22/2010,8,8,8,23
2010,02/23/2010,14,10,12,13
2010,02/24/2010,7,7,5,23
2010,02/25/2010,18,8,5,29
2010,02/26/2010,3,6,9,20
2010,02/27/2010,25,10,11,17
2010,02/28/2010,19,5,11,16
2010,03/01/2010,23,9,11,19
2010,03/02/2010,31,6,17,17
2010,03/03/2010,27,11,9,15
2010,03/04/2010,34,5,2,26
2010,03/05/2010,33,7,6,27
2010,03/06/2010,20,4,7,10
2010,03/07/2010,5,5,7,15
2010,03/08/2010,6,7,12,19
2010,03/09/2010,16,9,10,26
2010,03/10/2010,27,3,7,25
2010,03/11/2010,32,6,5,16
2010,03/12/2010,13,6,5,11
2010,03/13/2010,30,6,6,15
2010,03/14/2010,30,3,5,18
2010,03/15/2010,12,7,10,27
2010,03/16/2010,14,5,7,14
2010,03/17/2010,18,8,4,22
2010,03/18/2010,9,10,10,16
2010,03/19/2010,2,4,10,19
2010,03/20/2010,6,6,5,10
2010,03/21/2010,14,5,7,11
2010,03/22/2010,4,3,5,11
2010,03/23/2010,3,11,18,20
2010,03/24/2010,8,10,9,16
2010,03/25/2010,5,8,8,19
2010,03/26/2010,4,10,9,14
2010,03/27/2010,7,4,7,18
2010,03/28/2010,15,6,6,18
2010,03/29/2010,28,8,10,18
2010,03/30/2010,33,9,13,18
2010,03/31/2010,32,12,11,10
2010,04/01/2010,3,3,9,10
2010,04/02/2010,16,0,4,6
2010,04/03/2010,31,5,9,9
2010,04/04/2010,24,4,10,13
2010,04/05/2010,6,12,15,23
2010,04/06/2010,12,7,9,13
2010,04/07/2010,14,5,6,13
2010,04/08/2010,17,10,6,16
2010,04/09/2010,25,10,11,15
2010,04/10/2010,2,9,8,24
2010,04/11/2010,8,7,4,10
2010,04/12/2010,26,10,5,16
2010,04/13/2010,23,5,13,20
2010,04/14/2010,13,5,6,16
2010,04/15/2010,14,12,5,15
2010,04/16/2010,19,8,6,17
2010,04/17/2010,16,7,4,10
2010,04/18/2010,31,5,10,11
2010,04/19/2010,33,8,7,15
2010,04/20/2010,31,6,12,26
2010,04/21/2010,2,5,3,10
2010,04/22/2010,12,6,4,14
2010,04/23/2010,6,3,11,21
2010,04/24/2010,11,6,3,16
2010,04/25/2010,26,8,10,11
2010,04/26/2010,6,3,7,18
2010,04/27/2010,1,10,3,23
2010,04/28/2010,15,7,10,17
2010,04/29/2010,7,12,4,14
2010,04/30/2010,5,5,10,12
2010,05/01/2010,35,8,7,16
2010,05/02/2010,28,5,3,11
2010,05/03/2010,27,5,7,16
2010,05/04/2010,2,11,7,24
2010,05/05/2010,30,6,7,13
2010,05/06/2010,22,9,8,24
2010,05/07/2010,21,10,8,19
2010,05/08/2010,29,5,4,17
2010,05/09/2010,29,2,12,9
2010,05/10/2010,19,5,10,22
2010,05/11/2010,22,12,10,19
2010,05/12/2010,1,5,5,12
2010,05/13/2010,31,8,3,21
2010,05/14/2010,25,10,4,24
2010,05/15/2010,25,9,7,15
2010,05/16/2010,28,4,14,11
2010,05/17/2010,21,4,12,9
2010,05/18/2010,35,9,10,24
2010,05/19/2010,28,7,8,24
2010,05/20/2010,28,9,11,21
2010,05/21/2010,15,7,6,23
2010,05/22/2010,3,11,12,21
2010,05/23/2010,18,1,6,8
2010,05/24/2010,24,9,14,22
2010,05/25/2010,26,6,7,15
2010,05/26/2010,9,6,5,20
2010,05/27/2010,11,4,7,18
2010,05/28/2010,32,3,7,17
2010,05/29/2010,16,4,9,5
2010,05/30/2010,8,3,3,4
2010,05/31/2010,4,6,7,15
2010,06/01/2010,8,11,7,15
2010,06/02/2010,27,9,16,17
2010,06/03/2010,17,6,8,23
2010,06/04/2010,25,11,8,21
2010,06/05/2010,21,9,7,19
2010,06/06/2010,33,5,3,9
2010,06/07/2010,32,6,11,8
2010,06/08/2010,30,7,10,27
2010,06/09/2010,5,7,11,17
2010,06/10/2010,21,15,11,23
2010,06/11/2010,4,6,17,18
2010,06/12/2010,15,13,6,14
2010,06/13/2010,32,7,7,7
2010,06/14/2010,18,7,6,9
2010,06/15/2010,16,9,12,32
2010,06/16/2010,13,13,7,17
2010,06/17/2010,8,7,9,18
2010,06/18/2010,28,6,6,17
2010,06/19/2010,29,6,8,19
2010,06/20/2010,30,1,8,10
2010,06/21/2010,20,8,4,19
2010,06/22/2010,14,2,7,19
2010,06/23/2010,29,3,8,17
2010,06/24/2010,27,5,4,13
2010,06/25/2010,30,7,7,17
2010,06/26/2010,3,16,10,15
2010,06/27/2010,26,2,11,9
2010,06/28/2010,32,4,6,22
2010,06/29/2010,31,12,10,16
2010,06/30/2010,28,8,13,14
2010,07/01/2010,3,11,7,19
2010,07/02/2010,6,10,6,25
2010,07/03/2010,3,11,6,12
2010,07/04/2010,4,9,5,11
2010,07/05/2010,29,3,9,9
2010,07/06/2010,29,13,11,18
2010,07/07/2010,16,9,6,24
2010,07/08/2010,26,5,5,16
2010,07/09/2010,5,7,9,15
2010,07/10/2010,16,5,6,11
2010,07/11/2010,22,4,8,12
2010,07/12/2010,1,8,8,25
2010,07/13/2010,27,9,3,13
2010,07/14/2010,30,13,7,14
2010,07/15/2010,35,8,7,15
2010,07/16/2010,28,10,7,13
2010,07/17/2010,1,4,9,10
2010,07/18/2010,8,7,6,11
2010,07/19/2010,25,5,8,19
2010,07/20/2010,13,6,10,7
2010,07/21/2010,13,10,8,20
2010,07/22/2010,21,7,8,17
2010,07/23/2010,22,4,6,15
2010,07/24/2010,22,11,7,18
2010,07/25/2010,30,1,6,11
2010,07/26/2010,24,11,14,25
2010,07/27/2010,12,8,7,21
2010,07/28/2010,8,9,6,13
2010,07/29/2010,4,11,6,12
2010,07/30/2010,19,8,5,13
2010,07/31/2010,15,7,14,7
2010,08/01/2010,8,7,7,13
2010,08/02/2010,27,11,11,23
2010,08/03/2010,22,7,13,15
2010,08/04/2010,3,10,4,22
2010,08/05/2010,24,6,13,12
2010,08/06/2010,6,14,8,8
2010,08/07/2010,35,7,8,10
2010,08/08/2010,14,2,8,13
2010,08/09/2010,6,10,11,28
2010,08/10/2010,7,4,4,25
2010,08/11/2010,21,11,9,15
2010,08/12/2010,4,8,6,13
2010,08/13/2010,5,4,5,16
2010,08/14/2010,10,6,11,18
2010,08/15/2010,12,4,10,8
2010,08/16/2010,9,6,5,16
2010,08/17/2010,5,9,10,20
2010,08/18/2010,1,8,9,15
2010,08/19/2010,7,7,10,14
2010,08/20/2010,11,8,12,23
2010,08/21/2010,13,8,4,12
2010,08/22/2010,25,5,9,9
2010,08/23/2010,25,10,10,18
2010,08/24/2010,19,8,12,11
2010,08/25/2010,16,10,5,18
2010,08/26/2010,32,7,6,16
2010,08/27/2010,29,9,5,18
2010,08/28/2010,4,7,11,16
2010,08/29/2010,10,4,15,11
2010,08/30/2010,20,9,12,22
2010,08/31/2010,20,5,4,12
2010,09/01/2010,22,8,6,20
2010,09/02/2010,24,3,6,15
2010,09/03/2010,1,13,11,11
2010,09/04/2010,1,6,7,12
2010,09/05/2010,6,10,5,7
2010,09/06/2010,27,7,11,19
2010,09/07/2010,3,8,6,12
2010,09/08/2010,12,4,2,15
2010,09/09/2010,34,10,10,10
2010,09/10/2010,27,8,6,18
2010,09/11/2010,31,10,8,14
2010,09/12/2010,35,2,10,6
2010,09/13/2010,35,7,14,13
2010,09/14/2010,16,5,10,11
2010,09/15/2010,6,13,13,21
2010,09/16/2010,25,9,10,21
2010,09/17/2010,35,10,8,17
2010,09/18/2010,26,10,10,15
2010,09/19/2010,14,8,9,13
2010,09/20/2010,6,15,4,23
2010,09/21/2010,6,7,11,23
2010,09/22/2010,4,8,8,14
2010,09/23/2010,19,11,5,17
2010,09/24/2010,19,8,9,18
2010,09/25/2010,35,4,7,9
2010,09/26/2010,26,5,13,11
2010,09/27/2010,34,5,12,19
2010,09/28/2010,30,5,8,19
2010,09/29/2010,16,12,8,9
2010,09/30/2010,27,5,5,15
2010,10/01/2010,16,9,9,25
2010,10/02/2010,34,5,9,13
2010,10/03/2010,32,3,7,14
2010,10/04/2010,34,9,9,21
2010,10/05/2010,5,6,8,17
2010,10/06/2010,1,8,9,13
2010,10/07/2010,16,2,9,26
2010,10/08/2010,4,6,10,19
2010,10/09/2010,10,8,3,16
2010,10/10/2010,33,10,10,14
2010,10/11/2010,7,7,4,16
2010,10/12/2010,3,5,6,20
2010,10/13/2010,11,6,5,15
2010,10/14/2010,12,8,6,23
2010,10/15/2010,3,5,13,20
2010,10/16/2010,1,9,8,16
2010,10/17/2010,10,5,16,12
2010,10/18/2010,34,5,9,10
2010,10/19/2010,23,4,7,19
2010,10/20/2010,9,11,10,18
2010,10/21/2010,4,7,6,23
2010,10/22/2010,32,4,5,8
2010,10/23/2010,12,11,7,18
2010,10/24/2010,21,8,5,12
2010,10/25/2010,33,6,4,9
2010,10/26/2010,1,3,9,14
2010,10/27/2010,24,7,5,12
2010,10/28/2010,26,2,9,18
2010,10/29/2010,30,5,10,15
2010,10/30/2010,10,6,9,9
2010,10/31/2010,22,4,9,13
2010,11/01/2010,14,6,5,6
2010,11/02/2010,11,13,10,10
2010,11/03/2010,17,8,6,19
2010,11/04/2010,30,6,14,17
2010,11/05/2010,27,5,8,18
2010,11/06/2010,12,8,7,14
2010,11/07/2010,11,4,11,13
2010,11/08/2010,23,3,14,16
2010,11/09/2010,10,3,13,15
2010,11/10/2010,31,4,7,18
2010,11/11/2010,15,6,5,19
2010,11/12/2010,27,5,6,17
2010,11/13/2010,16,8,12,12
2010,11/14/2010,7,2,8,3
2010,11/15/2010,15,6,13,10
2010,11/16/2010,2,6,7,17
2010,11/17/2010,20,7,9,13
2010,11/18/2010,15,9,17,11
2010,11/19/2010,34,4,8,10
2010,11/20/2010,4,9,8,15
2010,11/21/2010,13,4,7,4
2010,11/22/2010,14,10,13,14
2010,11/23/2010,1,9,4,21
2010,11/24/2010,22,3,10,12
2010,11/25/2010,1,9,11,16
2010,11/26/2010,34,3,9,14
2010,11/27/2010,23,9,11,9
2010,11/28/2010,21,4,8,5
2010,11/29/2010,9,6,10,17
2010,11/30/2010,17,10,11,20
2010,12/01/2010,26,8,8,14
2010,12/02/2010,7,11,12,17
2010,12/03/2010,34,7,6,12
2010,12/04/2010,32,4,8,13
2010,12/05/2010,27,4,7,7
2010,12/06/2010,8,8,10,13
2010,12/07/2010,32,13,7,13
2010,12/08/2010,25,3,7,12
2010,12/09/2010,21,6,11,5
2010,12/10/2010,6,6,10,17
2010,12/11/2010,32,4,6,12
2010,12/12/2010,22,7,5,11
2010,12/13/2010,15,9,8,10
2010,12/14/2010,30,10,7,16
2010,12/15/2010,31,11,9,10
2010,12/16/2010,12,8,7,15
2010,12/17/2010,32,4,8,20
2010,12/18/2010,29,9,8,8
2010,12/19/2010,8,7,9,9
2010,12/20/2010,12,3,9,15
2010,12/21/2010,22,4,9,5
2010,12/22/2010,17,9,6,9
2010,12/23/2010,27,9,7,12
2010,12/24/2010,24,2,7,7
2010,12/25/2010,26,1,4,4
2010,12/26/2010,23,1,3,6
2010,12/27/2010,10,0,5,12
2010,12/28/2010,30,4,7,15
2010,12/29/2010,9,2,3,7
2010,12/30/2010,32,9,1,22
2010,12/31/2010,1,2,1,6
2011,01/01/2011,3,2,7,12
2011,01/02/2011,13,3,3,14
2011,01/03/2011,18,9,8,26
2011,01/04/2011,8,5,7,17
2011,01/05/2011,7,12,10,17
2011,01/06/2011,3,9,8,23
2011,01/07/2011,28,11,11,19
2011,01/08/2011,22,5,8,15
2011,01/09/2011,3,6,7,12
2011,01/10/2011,35,5,11,16
2011,01/11/2011,31,13,19,31
2011,01/12/2011,6,3,8,20
2011,01/13/2011,4,5,9,20
2011,01/14/2011,9,10,15,29
2011,01/15/2011,23,5,5,29
2011,01/16/2011,12,4,9,20
2011,01/17/2011,7,5,17,24
2011,01/18/2011,18,8,12,20
2011,01/19/2011,7,7,13,24
2011,01/20/2011,4,9,10,27
2011,01/21/2011,4,11,16,31
2011,01/22/2011,24,6,8,22
2011,01/23/2011,14,8,7,18
2011,01/24/2011,32,7,13,33
2011,01/25/2011,28,4,13,27
2011,01/26/2011,35,8,18,29
2011,01/27/2011,35,5,6,32
2011,01/28/2011,12,7,6,17
2011,01/29/2011,30,4,12,20
2011,01/30/2011,24,3,8,13
2011,01/31/2011,1,6,11,27
2011,02/01/2011,24,10,4,17
2011,02/02/2011,19,10,7,27
2011,02/03/2011,19,8,8,27
2011,02/04/2011,25,9,9,17
2011,02/05/2011,35,4,15,21
2011,02/06/2011,21,6,7,16
2011,02/07/2011,10,6,16,21
2011,02/08/2011,26,7,8,28
2011,02/09/2011,33,5,7,27
2011,02/10/2011,33,10,6,26
2011,02/11/2011,20,8,9,21
2011,02/12/2011,32,9,9,24
2011,02/13/2011,26,4,13,19
2011,02/14/2011,20,6,9,22
2011,02/15/2011,14,6,8,16
2011,02/16/2011,18,10,13,20
2011,02/17/2011,8,11,11,18
2011,02/18/2011,3,8,10,17
2011,02/19/2011,8,6,7,13
2011,02/20/2011,31,3,9,25
2011,02/21/2011,22,9,19,25
2011,02/22/2011,23,4,8,22
2011,02/23/2011,16,4,8,30
2011,02/24/2011,32,6,10,21
2011,02/25/2011,4,10,8,33
2011,02/26/2011,30,11,9,24
2011,02/27/2011,2,5,12,13
2011,02/28/2011,25,4,10,20
2011,03/01/2011,15,12,7,34
2011,03/02/2011,20,6,17,31
2011,03/03/2011,8,9,12,35
2011,03/04/2011,7,7,9,27
2011,03/05/2011,19,7,4,16
2011,03/06/2011,9,6,9,22
2011,03/07/2011,12,7,12,24
2011,03/08/2011,19,3,8,14
2011,03/09/2011,18,4,9,21
2011,03/10/2011,17,7,11,18
2011,03/11/2011,1,1,4,22
2011,03/12/2011,18,7,5,28
2011,03/13/2011,9,7,10,20
2011,03/14/2011,31,5,11,20
2011,03/15/2011,4,12,12,20
2011,03/16/2011,19,5,11,22
2011,03/17/2011,9,3,6,18
2011,03/18/2011,22,8,7,29
2011,03/19/2011,26,13,14,20
2011,03/20/2011,18,5,16,19
2011,03/21/2011,34,4,15,14
2011,03/22/2011,24,12,8,28
2011,03/23/2011,12,6,13,24
2011,03/24/2011,15,7,10,27
2011,03/25/2011,8,6,13,24
2011,03/26/2011,18,10,8,21
2011,03/27/2011,8,9,8,18
2011,03/28/2011,18,4,12,29
2011,03/29/2011,34,10,3,23
2011,03/30/2011,34,5,9,20
2011,03/31/2011,24,5,9,21
2011,04/01/2011,28,8,17,21
2011,04/02/2011,32,5,13,20
2011,04/03/2011,15,6,4,17
2011,04/04/2011,20,7,7,17
2011,04/05/2011,26,7,11,12
2011,04/06/2011,5,8,13,28
2011,04/07/2011,28,4,4,22
2011,04/08/2011,6,4,10,20
2011,04/09/2011,6,9,5,28
2011,04/10/2011,12,6,13,17
2011,04/11/2011,3,6,14,19
2011,04/12/2011,10,9,12,28
2011,04/13/2011,30,8,8,27
2011,04/14/2011,18,5,6,20
2011,04/15/2011,28,10,8,29
2011,04/16/2011,25,8,11,18
2011,04/17/2011,21,6,17,22
2011,04/18/2011,15,9,12,20
2011,04/19/2011,34,3,8,26
2011,04/20/2011,25,7,6,28
2011,04/21/2011,4,7,11,18
2011,04/22/2011,6,1,5,17
2011,04/23/2011,12,10,13,21
2011,04/24/2011,1,6,10,35
2011,04/25/2011,28,7,16,40
2011,04/26/2011,27,9,11,30
2011,04/27/2011,8,3,14,25
2011,04/28/2011,5,8,5,20
2011,04/29/2011,34,5,9,12
2011,04/30/2011,34,8,11,15
2011,05/01/2011,12,5,13,14
2011,05/02/2011,11,10,8,20
2011,05/03/2011,9,11,13,31
2011,05/04/2011,17,3,11,30
2011,05/05/2011,7,9,9,29
2011,05/06/2011,32,6,11,21
2011,05/07/2011,6,4,11,26
2011,05/08/2011,6,7,13,20
2011,05/09/2011,2,8,11,19
2011,05/10/2011,28,6,13,26
2011,05/11/2011,11,6,8,22
2011,05/12/2011,15,9,11,26
2011,05/13/2011,34,11,6,17
2011,05/14/2011,2,6,9,20
2011,05/15/2011,15,6,8,24
2011,05/16/2011,23,16,8,27
2011,05/17/2011,5,9,12,18
2011,05/18/2011,9,8,10,17
2011,05/19/2011,21,4,10,16
2011,05/20/2011,15,3,11,15
2011,05/21/2011,14,7,4,32
2011,05/22/2011,35,4,6,24
2011,05/23/2011,25,8,6,39
2011,05/24/2011,20,4,4,19
2011,05/25/2011,25,11,11,29
2011,05/26/2011,25,8,8,26
2011,05/27/2011,13,5,11,18
2011,05/28/2011,7,9,7,18
2011,05/29/2011,33,4,10,19
2011,05/30/2011,11,9,14,17
2011,05/31/2011,1,7,10,23
2011,06/01/2011,18,10,11,31
2011,06/02/2011,23,9,6,23
2011,06/03/2011,29,13,14,30
2011,06/04/2011,15,6,12,27
2011,06/05/2011,8,6,10,18
2011,06/06/2011,13,7,14,15
2011,06/07/2011,24,5,14,23
2011,06/08/2011,2,7,7,17
2011,06/09/2011,17,7,9,22
2011,06/10/2011,29,6,7,30
2011,06/11/2011,5,6,15,22
2011,06/12/2011,6,8,12,16
2011,06/13/2011,32,9,10,21
2011,06/14/2011,17,7,14,20
2011,06/15/2011,20,10,7,26
2011,06/16/2011,30,8,9,18
2011,06/17/2011,3,10,17,29
2011,06/18/2011,33,4,9,13
2011,06/19/2011,11,4,10,15
2011,06/20/2011,14,7,11,23
2011,06/21/2011,7,6,7,26
2011,06/22/2011,24,9,9,32
2011,06/23/2011,15,10,13,28
2011,06/24/2011,16,4,10,26
2011,06/25/2011,27,9,8,27
2011,06/26/2011,18,3,9,12
2011,06/27/2011,9,6,17,18
2011,06/28/2011,21,9,3,28
2011,06/29/2011,24,10,13,15
2011,06/30/2011,11,7,9,23
2011,07/01/2011,17,12,10,20
2011,07/02/2011,2,9,9,14
2011,07/03/2011,17,7,5,16
2011,07/04/2011,16,3,10,23
2011,07/05/2011,15,7,15,26
2011,07/06/2011,30,6,10,25
2011,07/07/2011,3,3,9,29
2011,07/08/2011,4,4,12,26
2011,07/09/2011,32,7,6,22
2011,07/10/2011,23,3,12,19
2011,07/11/2011,8,5,11,33
2011,07/12/2011,17,4,5,16
2011,07/13/2011,2,8,7,22
2011,07/14/2011,20,5,6,20
2011,07/15/2011,10,5,5,18
2011,07/16/2011,34,3,6,21
2011,07/17/2011,14,7,9,28
2011,07/18/2011,13,8,8,22
2011,07/19/2011,24,10,8,20
2011,07/20/2011,30,4,5,18
2011,07/21/2011,14,7,5,17
2011,07/22/2011,5,3,11,21
2011,07/23/2011,22,16,13,21
2011,07/24/2011,15,7,6,30
2011,07/25/2011,10,5,14,19
2011,07/26/2011,23,13,16,22
2011,07/27/2011,19,10,8,23
2011,07/28/2011,4,3,8,24
2011,07/29/2011,31,11,5,26
2011,07/30/2011,14,8,9,15
2011,07/31/2011,30,5,5,21
2011,08/01/2011,27,7,12,22
2011,08/02/2011,6,8,9,23
2011,08/03/2011,7,11,9,30
2011,08/04/2011,27,5,7,21
2011,08/05/2011,29,6,7,18
2011,08/06/2011,30,7,7,14
2011,08/07/2011,11,6,7,12
2011,08/08/2011,8,8,11,21
2011,08/09/2011,1,6,12,17
2011,08/10/2011,27,1,4,28
2011,08/11/2011,9,6,12,23
2011,08/12/2011,20,10,11,19
2011,08/13/2011,22,5,6,20
2011,08/14/2011,4,0,3,17
2011,08/15/2011,2,3,5,19
2011,08/16/2011,19,7,10,20
2011,08/17/2011,28,9,11,17
2011,08/18/2011,2,6,5,21
2011,08/19/2011,9,10,10,23
2011,08/20/2011,10,3,6,16
2011,08/21/2011,27,4,6,12
2011,08/22/2011,19,5,7,23
2011,08/23/2011,28,5,6,25
2011,08/24/2011,9,6,6,20
2011,08/25/2011,19,5,6,21
2011,08/26/2011,3,9,11,20
2011,08/27/2011,26,7,7,23
2011,08/28/2011,8,6,6,25
2011,08/29/2011,33,9,13,35
2011,08/30/2011,10,11,10,35
2011,08/31/2011,22,7,11,33
2011,09/01/2011,1,9,9,25
2011,09/02/2011,27,3,7,26
2011,09/03/2011,25,8,2,15
2011,09/04/2011,30,2,6,17
2011,09/05/2011,20,2,10,18
2011,09/06/2011,3,7,10,27
2011,09/07/2011,25,4,6,19
2011,09/08/2011,24,5,2,22
2011,09/09/2011,3,5,10,28
2011,09/10/2011,13,5,14,27
2011,09/11/2011,4,2,6,11
2011,09/12/2011,3,1,6,26
2011,09/13/2011,34,4,9,20
2011,09/14/2011,4,4,9,12
2011,09/15/2011,22,7,12,30
2011,09/16/2011,32,7,3,30
2011,09/17/2011,2,5,11,20
2011,09/18/2011,1,5,10,12
2011,09/19/2011,11,3,15,17
2011,09/20/2011,31,11,8,20
2011,09/21/2011,26,7,15,18
2011,09/22/2011,31,5,12,26
2011,09/23/2011,13,7,7,30
2011,09/24/2011,30,9,7,15
2011,09/25/2011,22,8,8,13
2011,09/26/2011,20,12,10,25
2011,09/27/2011,17,5,6,22
2011,09/28/2011,17,7,13,21
2011,09/29/2011,35,3,7,21
2011,09/30/2011,34,7,5,29
2011,10/01/2011,10,10,8,24
2011,10/02/2011,30,6,8,7
2011,10/03/2011,6,7,11,24
2011,10/04/2011,11,4,10,21
2011,10/05/2011,23,8,12,22
2011,10/06/2011,34,8,9,28
2011,10/07/2011,13,9,8,21
2011,10/08/2011,1,6,10,20
2011,10/09/2011,35,7,5,18
2011,10/10/2011,2,7,15,30
2011,10/11/2011,27,7,13,18
2011,10/12/2011,23,4,7,11
2011,10/13/2011,6,5,8,19
2011,10/14/2011,27,11,10,21
2011,10/15/2011,3,13,7,23
2011,10/16/2011,33,0,13,18
2011,10/17/2011,5,6,8,24
2011,10/18/2011,34,6,15,23
2011,10/19/2011,17,4,4,24
2011,10/20/2011,17,11,14,13
2011,10/21/2011,7,2,10,32
2011,10/22/2011,10,6,6,17
2011,10/23/2011,4,2,11,12
2011,10/24/2011,21,5,10,23
2011,10/25/2011,34,3,11,21
2011,10/26/2011,4,5,6,14
2011,10/27/2011,1,6,10,32
2011,10/28/2011,21,4,7,20
2011,10/29/2011,2,6,12,13
2011,10/30/2011,32,0,4,10
2011,10/31/2011,19,11,16,24
2011,11/01/2011,33,6,9,15
2011,11/02/2011,35,14,9,25
2011,11/03/2011,8,7,5,19
2011,11/04/2011,22,7,5,17
2011,11/05/2011,32,5,12,18
2011,11/06/2011,33,2,7,13
2011,11/07/2011,2,3,12,17
2011,11/08/2011,2,6,12,24
2011,11/09/2011,15,11,11,22
2011,11/10/2011,30,0,6,23
2011,11/11/2011,24,11,19,23
2011,11/12/2011,27,4,5,19
2011,11/13/2011,33,2,4,15
2011,11/14/2011,16,7,10,25
2011,11/15/2011,4,11,9,26
2011,11/16/2011,19,8,3,24
2011,11/17/2011,10,2,8,20
2011,11/18/2011,33,10,12,20
2011,11/19/2011,16,9,9,19
2011,11/20/2011,26,6,7,14
2011,11/21/2011,6,5,3,25
2011,11/22/2011,1,7,3,20
2011,11/23/2011,18,8,7,19
2011,11/24/2011,16,11,8,15
2011,11/25/2011,21,9,9,21
2011,11/26/2011,11,9,4,27
2011,11/27/2011,22,1,7,14
2011,11/28/2011,21,3,14,20
2011,11/29/2011,4,4,7,23
2011,11/30/2011,29,7,10,17
2011,12/01/2011,27,10,6,29
2011,12/02/2011,31,8,6,25
2011,12/03/2011,34,10,10,25
2011,12/04/2011,10,1,12,14
2011,12/05/2011,15,4,8,19
2011,12/06/2011,25,10,5,24
2011,12/07/2011,24,13,4,23
2011,12/08/2011,11,4,7,12
2011,12/09/2011,9,9,3,20
2011,12/10/2011,28,9,4,12
2011,12/11/2011,33,7,4,13
2011,12/12/2011,5,5,6,21
2011,12/13/2011,15,6,7,20
2011,12/14/2011,19,6,9,23
2011,12/15/2011,29,2,8,27
2011,12/16/2011,29,3,13,15
2011,12/17/2011,14,15,13,16
2011,12/18/2011,6,4,7,17
2011,12/19/2011,22,12,8,18
2011,12/20/2011,14,6,11,19
2011,12/21/2011,34,7,9,19
2011,12/22/2011,16,7,6,21
2011,12/23/2011,11,8,3,18
2011,12/24/2011,7,0,3,15
2011,12/25/2011,13,7,7,11
2011,12/26/2011,19,5,3,18
2011,12/27/2011,2,3,7,22
2011,12/28/2011,9,3,6,17
2011,12/29/2011,28,3,1,24
2011,12/30/2011,17,4,7,23
2011,12/31/2011,4,7,8,15
2012,01/01/2012,33,0,17,34
2012,01/02/2012,5,8,18,32
2012,01/03/2012,23,10,17,36
2012,01/04/2012,28,9,11,23
2012,01/05/2012,5,5,8,51
2012,01/06/2012,15,7,18,31
2012,01/07/2012,14,7,29,37
2012,01/08/2012,7,8,8,19
2012,01/09/2012,30,6,23,24
2012,01/10/2012,26,12,23,26
2012,01/11/2012,23,11,11,36
2012,01/12/2012,2,13,15,33
2012,01/13/2012,10,3,30,36
2012,01/14/2012,30,10,16,42
2012,01/15/2012,2,5,16,44
2012,01/16/2012,35,8,18,40
2012,01/17/2012,6,16,18,46
2012,01/18/2012,1,14,21,33
2012,01/19/2012,6,15,12,47
2012,01/20/2012,5,9,16,38
2012,01/21/2012,4,14,13,49
2012,01/22/2012,33,4,16,39
2012,01/23/2012,27,5,12,43
2012,01/24/2012,12,8,18,43
2012,01/25/2012,1,11,16,49
2012,01/26/2012,6,7,7,51
2012,01/27/2012,23,11,5,36
2012,01/28/2012,26,21,16,40
2012,01/29/2012,29,5,12,26
2012,01/30/2012,24,8,9,47
2012,01/31/2012,14,10,11,44
2012,02/01/2012,6,11,10,38
2012,02/02/2012,6,14,14,44
2012,02/03/2012,12,10,15,41
2012,02/04/2012,22,14,15,44
2012,02/05/2012,28,4,7,31
2012,02/06/2012,29,13,13,46
2012,02/07/2012,13,11,7,39
2012,02/08/2012,4,6,14,37
2012,02/09/2012,34,10,16,40
2012,02/10/2012,3,15,19,62
2012,02/11/2012,16,7,14,65
2012,02/12/2012,31,2,9,44
2012,02/13/2012,13,10,15,40
2012,02/14/2012,19,12,15,53
2012,02/15/2012,2,7,13,33
2012,02/16/2012,14,8,18,36
2012,02/17/2012,7,6,15,30
2012,02/18/2012,21,11,30,29
2012,02/19/2012,15,7,23,28
2012,02/20/2012,3,8,15,39
2012,02/21/2012,20,4,15,56
2012,02/22/2012,1,6,6,45
2012,02/23/2012,11,9,10,33
2012,02/24/2012,34,8,15,61
2012,02/25/2012,14,14,10,62
2012,02/26/2012,18,3,10,42
2012,02/27/2012,17,7,19,50
2012,02/28/2012,32,9,21,46
2012,02/29/2012,25,7,25,36
2012,03/01/2012,29,12,19,50
2012,03/02/2012,32,14,11,71
2012,03/03/2012,8,10,14,59
2012,03/04/2012,21,3,12,34
2012,03/05/2012,8,5,21,42
2012,03/06/2012,18,11,4,41
2012,03/07/2012,24,8,11,52
2012,03/08/2012,24,12,20,42
2012,03/09/2012,19,12,14,53
2012,03/10/2012,30,18,8,46
2012,03/11/2012,18,6,14,34
2012,03/12/2012,31,12,20,54
2012,03/13/2012,8,9,10,40
2012,03/14/2012,9,11,14,69
2012,03/15/2012,19,9,13,56
2012,03/16/2012,4,13,7,34
2012,03/17/2012,23,9,18,42
2012,03/18/2012,34,1,13,47
2012,03/19/2012,2,5,25,26
2012,03/20/2012,30,16,28,32
2012,03/21/2012,22,13,26,31
2012,03/22/2012,12,7,10,43
2012,03/23/2012,33,9,12,39
2012,03/24/2012,35,10,17,29
2012,03/25/2012,9,6,19,23
2012,03/26/2012,4,14,10,40
2012,03/27/2012,32,5,17,42
2012,03/28/2012,22,16,7,47
2012,03/29/2012,1,7,14,45
2012,03/30/2012,30,6,17,52
2012,03/31/2012,34,13,9,41
2012,04/01/2012,34,10,13,47
2012,04/02/2012,23,13,14,51
2012,04/03/2012,13,6,13,52
2012,04/04/2012,16,14,14,56
2012,04/05/2012,17,7,10,29
2012,04/06/2012,17,0,8,34
2012,04/07/2012,12,11,14,32
2012,04/08/2012,3,9,15,61
2012,04/09/2012,2,16,17,53
2012,04/10/2012,21,10,19,44
2012,04/11/2012,33,10,5,50
2012,04/12/2012,35,8,10,41
2012,04/13/2012,25,5,13,36
2012,04/14/2012,26,10,18,52
2012,04/15/2012,29,3,11,35
2012,04/16/2012,6,12,11,44
2012,04/17/2012,8,8,14,45
2012,04/18/2012,22,9,14,47
2012,04/19/2012,15,19,13,44
2012,04/20/2012,20,7,9,50
2012,04/21/2012,33,9,16,37
2012,04/22/2012,25,10,7,46
2012,04/23/2012,22,7,14,66
2012,04/24/2012,35,7,17,40
2012,04/25/2012,5,3,6,34
2012,04/26/2012,3,8,14,41
2012,04/27/2012,7,10,15,45
2012,04/28/2012,26,16,11,51
2012,04/29/2012,32,3,14,36
2012,04/30/2012,15,8,21,39
2012,05/01/2012,28,7,16,40
2012,05/02/2012,20,6,28,36
2012,05/03/2012,6,7,9,52
2012,05/04/2012,29,8,18,36
2012,05/05/2012,27,11,19,37
2012,05/06/2012,14,6,15,39
2012,05/07/2012,33,9,16,40
2012,05/08/2012,8,7,9,46
2012,05/09/2012,13,9,10,44
2012,05/10/2012,12,9,7,60
2012,05/11/2012,26,11,11,36
2012,05/12/2012,12,12,12,54
2012,05/13/2012,30,3,10,36
2012,05/14/2012,28,6,14,39
2012,05/15/2012,15,5,19,49
2012,05/16/2012,31,6,14,48
2012,05/17/2012,28,16,18,47
2012,05/18/2012,4,11,13,47
2012,05/19/2012,18,14,7,29
2012,05/20/2012,15,3,8,36
2012,05/21/2012,13,12,18,40
2012,05/22/2012,10,15,15,50
2012,05/23/2012,33,12,13,50
2012,05/24/2012,19,7,15,40
2012,05/25/2012,13,8,13,49
2012,05/26/2012,8,14,12,53
2012,05/27/2012,6,5,9,39
2012,05/28/2012,33,15,15,40
2012,05/29/2012,19,10,11,45
2012,05/30/2012,29,8,6,55
2012,05/31/2012,31,9,14,41
2012,06/01/2012,17,8,14,42
2012,06/02/2012,33,12,14,44
2012,06/03/2012,33,3,10,24
2012,06/04/2012,18,8,9,37
2012,06/05/2012,10,4,18,33
2012,06/06/2012,10,11,17,40
2012,06/07/2012,19,10,19,41
2012,06/08/2012,2,13,10,36
2012,06/09/2012,7,15,5,21
2012,06/10/2012,17,7,10,32
2012,06/11/2012,22,8,15,28
2012,06/12/2012,5,12,14,41
2012,06/13/2012,31,13,8,44
2012,06/14/2012,28,6,13,39
2012,06/15/2012,18,8,13,39
2012,06/16/2012,6,14,4,34
2012,06/17/2012,4,3,8,16
2012,06/18/2012,7,6,9,24
2012,06/19/2012,11,11,11,36
2012,06/20/2012,7,9,8,35
2012,06/21/2012,5,7,11,42
2012,06/22/2012,4,10,15,39
2012,06/23/2012,32,13,12,45
2012,06/24/2012,24,9,12,39
2012,06/25/2012,10,6,19,22
2012,06/26/2012,14,13,9,40
2012,06/27/2012,9,8,13,32
2012,06/28/2012,25,11,13,41
2012,06/29/2012,21,8,11,39
2012,06/30/2012,13,7,15,28
2012,07/01/2012,31,9,10,19
2012,07/02/2012,5,6,11,18
2012,07/03/2012,2,21,21,31
2012,07/04/2012,32,18,8,35
2012,07/05/2012,9,8,11,24
2012,07/06/2012,8,9,10,31
2012,07/07/2012,24,9,13,35
2012,07/08/2012,14,4,6,17
2012,07/09/2012,11,8,11,29
2012,07/10/2012,7,7,10,30
2012,07/11/2012,12,13,12,30
2012,07/12/2012,33,10,11,31
2012,07/13/2012,32,8,7,30
2012,07/14/2012,9,14,13,36
2012,07/15/2012,24,5,11,28
2012,07/16/2012,28,10,16,40
2012,07/17/2012,26,6,15,30
2012,07/18/2012,5,11,8,25
2012,07/19/2012,31,10,7,33
2012,07/20/2012,12,5,10,32
2012,07/21/2012,26,13,11,17
2012,07/22/2012,19,6,11,23
2012,07/23/2012,11,11,15,37
2012,07/24/2012,26,6,8,31
2012,07/25/2012,26,10,12,23
2012,07/26/2012,19,9,16,27
2012,07/27/2012,35,10,10,35
2012,07/28/2012,10,14,10,26
2012,07/29/2012,15,6,6,17
2012,07/30/2012,24,14,13,27
2012,07/31/2012,14,12,9,30
2012,08/01/2012,13,11,10,31
2012,08/02/2012,10,7,17,27
2012,08/03/2012,16,13,12,25
2012,08/04/2012,15,9,6,23
2012,08/05/2012,23,4,10,21
2012,08/06/2012,5,6,10,19
2012,08/07/2012,25,4,7,21
2012,08/08/2012,17,6,18,27
2012,08/09/2012,1,15,17,29
2012,08/10/2012,18,5,17,28
2012,08/11/2012,24,9,12,24
2012,08/12/2012,10,9,16,17
2012,08/13/2012,23,6,14,29
2012,08/14/2012,30,8,13,28
2012,08/15/2012,25,9,17,31
2012,08/16/2012,12,7,8,12
2012,08/17/2012,17,17,12,29
2012,08/18/2012,13,11,6,36
2012,08/19/2012,32,5,3,24
2012,08/20/2012,1,3,7,21
2012,08/21/2012,22,12,6,32
2012,08/22/2012,13,4,9,24
2012,08/23/2012,8,13,7,14
2012,08/24/2012,21,8,11,26
2012,08/25/2012,16,8,11,29
2012,08/26/2012,11,6,10,26
2012,08/27/2012,17,11,11,18
2012,08/28/2012,13,9,11,26
2012,08/29/2012,14,10,10,24
2012,08/30/2012,21,6,12,18
2012,08/31/2012,33,11,7,16
2012,09/01/2012,11,12,8,25
2012,09/02/2012,3,2,9,15
2012,09/03/2012,34,10,10,22
2012,09/04/2012,6,9,9,23
2012,09/05/2012,33,10,9,20
2012,09/06/2012,10,12,5,28
2012,09/07/2012,32,10,11,24
2012,09/08/2012,21,5,8,18
2012,09/09/2012,11,5,4,19
2012,09/10/2012,16,6,9,22
2012,09/11/2012,11,9,14,17
2012,09/12/2012,9,12,13,22
2012,09/13/2012,21,8,8,18
2012,09/14/2012,22,11,15,22
2012,09/15/2012,29,17,10,16
2012,09/16/2012,3,4,5,14
2012,09/17/2012,24,9,6,13
2012,09/18/2012,25,9,8,20
2012,09/19/2012,21,12,8,20
2012,09/20/2012,28,11,7,30
2012,09/21/2012,19,10,11,22
2012,09/22/2012,34,10,10,27
2012,09/23/2012,28,7,9,17
2012,09/24/2012,18,7,7,19
2012,09/25/2012,14,6,10,24
2012,09/26/2012,17,6,13,22
2012,09/27/2012,5,6,5,25
2012,09/28/2012,1,4,8,28
2012,09/29/2012,10,12,11,18
2012,09/30/2012,27,2,16,16
2012,10/01/2012,8,4,15,23
2012,10/02/2012,20,6,7,16
2012,10/03/2012,34,7,9,26
2012,10/04/2012,19,3,6,29
2012,10/05/2012,4,9,9,26
2012,10/06/2012,15,8,12,28
2012,10/07/2012,29,5,12,7
2012,10/08/2012,21,12,8,13
2012,10/09/2012,14,8,7,22
2012,10/10/2012,15,7,9,24
2012,10/11/2012,22,10,11,27
2012,10/12/2012,22,31,5,22
2012,10/13/2012,5,9,6,25
2012,10/14/2012,19,4,4,15
2012,10/15/2012,6,4,7,18
2012,10/16/2012,1,7,8,16
2012,10/17/2012,22,8,10,19
2012,10/18/2012,13,5,12,26
2012,10/19/2012,28,10,7,24
2012,10/20/2012,3,8,12,19
2012,10/21/2012,27,4,8,20
2012,10/22/2012,24,11,12,27
2012,10/23/2012,10,2,12,28
2012,10/24/2012,30,9,6,17
2012,10/25/2012,4,8,7,17
2012,10/26/2012,22,6,12,23
2012,10/27/2012,1,4,6,20
2012,10/28/2012,33,2,13,17
2012,10/29/2012,30,8,12,26
2012,10/30/2012,22,5,10,19
2012,10/31/2012,24,13,9,29
2012,11/01/2012,5,7,7,30
2012,11/02/2012,10,7,7,24
2012,11/03/2012,22,8,11,28
2012,11/04/2012,24,8,7,26
2012,11/05/2012,9,5,9,19
2012,11/06/2012,16,11,10,27
2012,11/07/2012,11,7,4,25
2012,11/08/2012,21,4,7,20
2012,11/09/2012,14,6,6,26
2012,11/10/2012,9,12,8,24
2012,11/11/2012,17,3,8,15
2012,11/12/2012,16,8,9,17
2012,11/13/2012,25,13,16,38
2012,11/14/2012,19,4,9,21
2012,11/15/2012,3,6,6,17
2012,11/16/2012,23,9,11,34
2012,11/17/2012,22,6,5,27
2012,11/18/2012,25,4,9,24
2012,11/19/2012,29,5,10,20
2012,11/20/2012,5,8,9,19
2012,11/21/2012,11,3,5,27
2012,11/22/2012,15,5,10,19
2012,11/23/2012,5,4,11,24
2012,11/24/2012,19,10,11,19
2012,11/25/2012,18,5,16,10
2012,11/26/2012,12,6,8,32
2012,11/27/2012,13,9,7,18
2012,11/28/2012,13,3,12,12
2012,11/29/2012,4,11,6,16
2012,11/30/2012,3,8,10,24
2012,12/01/2012,10,9,5,37
2012,12/02/2012,33,6,6,19
2012,12/03/2012,25,10,13,44
2012,12/04/2012,15,11,6,46
2012,12/05/2012,10,4,7,39
2012,12/06/2012,34,11,8,25
2012,12/07/2012,26,3,10,36
2012,12/08/2012,18,13,4,31
2012,12/09/2012,19,2,7,18
2012,12/10/2012,31,6,12,37
2012,12/11/2012,35,9,10,36
2012,12/12/2012,31,5,13,44
2012,12/13/2012,12,6,10,26
2012,12/14/2012,1,7,10,17
2012,12/15/2012,26,10,11,26
2012,12/16/2012,5,7,6,17
2012,12/17/2012,31,9,9,33
2012,12/18/2012,23,4,9,34
2012,12/19/2012,9,5,8,29
2012,12/20/2012,31,8,7,22
2012,12/21/2012,33,7,5,36
2012,12/22/2012,27,8,6,34
2012,12/23/2012,3,6,8,29
2012,12/24/2012,16,12,9,24
2012,12/25/2012,20,5,10,10
2012,12/26/2012,27,2,9,19
2012,12/27/2012,4,11,5,24
2012,12/28/2012,35,9,8,27
2012,12/29/2012,21,5,9,22
2012,12/30/2012,6,6,9,17
2012,12/31/2012,16,9,10,16
2014,01/01/2014,7,2,18,17
2014,01/02/2014,8,4,18,20
2014,01/03/2014,34,9,14,23
2014,01/04/2014,34,11,10,22
2014,01/05/2014,16,3,13,21
2014,01/06/2014,25,4,16,21
2014,01/07/2014,32,12,22,13
2014,01/08/2014,24,13,20,40
2014,01/09/2014,23,11,10,40
2014,01/10/2014,35,10,21,30
2014,01/11/2014,31,14,20,34
2014,01/12/2014,11,6,16,27
2014,01/13/2014,22,12,17,42
2014,01/14/2014,12,11,15,41
2014,01/15/2014,7,11,15,28
2014,01/16/2014,5,16,20,30
2014,01/17/2014,26,9,17,38
2014,01/18/2014,7,9,16,41
2014,01/19/2014,16,2,16,31
2014,01/20/2014,18,7,11,39
2014,01/21/2014,8,5,12,32
2014,01/22/2014,26,4,14,45
2014,01/23/2014,27,11,12,41
2014,01/24/2014,6,12,14,41
2014,01/25/2014,26,9,14,35
2014,01/26/2014,32,3,12,43
2014,01/27/2014,6,12,13,42
2014,01/28/2014,26,9,7,33
2014,01/29/2014,10,8,15,30
2014,01/30/2014,19,8,14,35
2014,01/31/2014,9,9,11,25
2014,02/01/2014,15,13,17,57
2014,02/02/2014,7,5,17,34
2014,02/03/2014,18,13,13,45
2014,02/04/2014,27,14,10,34
2014,02/05/2014,22,10,14,36
2014,02/06/2014,18,12,9,40
2014,02/07/2014,11,6,12,51
2014,02/08/2014,34,6,11,49
2014,02/09/2014,17,3,10,38
2014,02/10/2014,5,11,12,45
2014,02/11/2014,3,9,9,41
2014,02/12/2014,31,13,12,40
2014,02/13/2014,35,11,14,40
2014,02/14/2014,19,11,15,41
2014,02/15/2014,15,10,15,47
2014,02/16/2014,5,4,15,35
2014,02/17/2014,24,13,11,43
2014,02/18/2014,6,6,17,42
2014,02/19/2014,7,8,12,41
2014,02/20/2014,18,8,17,41
2014,02/21/2014,13,14,11,37
2014,02/22/2014,23,16,7,40
2014,02/23/2014,6,4,3,40
2014,02/24/2014,7,5,14,28
2014,02/25/2014,35,13,15,33
2014,02/26/2014,31,14,5,32
2014,02/27/2014,14,7,7,38
2014,02/28/2014,27,12,8,36
2014,03/01/2014,35,11,8,37
2014,03/02/2014,27,3,3,44
2014,03/03/2014,15,11,15,40
2014,03/04/2014,5,7,12,25
2014,03/05/2014,13,8,12,38
2014,03/06/2014,9,10,19,35
2014,03/07/2014,6,17,16,51
2014,03/08/2014,20,4,10,45
2014,03/09/2014,4,3,13,27
2014,03/10/2014,35,5,16,33
2014,03/11/2014,31,10,19,42
2014,03/12/2014,12,6,17,38
2014,03/13/2014,13,7,9,45
2014,03/14/2014,31,3,13,44
2014,03/15/2014,25,5,12,36
2014,03/16/2014,21,7,10,36
2014,03/17/2014,27,10,15,41
2014,03/18/2014,30,5,13,31
2014,03/19/2014,2,7,9,44
2014,03/20/2014,30,10,8,31
2014,03/21/2014,12,10,9,45
2014,03/22/2014,27,11,8,30
2014,03/23/2014,9,3,11,32
2014,03/24/2014,7,4,10,27
2014,03/25/2014,20,13,17,34
2014,03/26/2014,14,8,8,27
2014,03/27/2014,10,3,15,31
2014,03/28/2014,22,6,8,42
2014,03/29/2014,15,9,8,38
2014,03/30/2014,19,12,7,29
2014,03/31/2014,4,12,20,27
2014,04/01/2014,7,12,13,38
2014,04/02/2014,23,5,20,30
2014,04/03/2014,12,6,14,41
2014,04/04/2014,34,10,14,37
2014,04/05/2014,11,6,17,35
2014,04/06/2014,11,5,10,20
2014,04/07/2014,28,12,13,45
2014,04/08/2014,7,8,11,42
2014,04/09/2014,29,12,7,47
2014,04/10/2014,35,5,15,39
2014,04/11/2014,23,10,18,40
2014,04/12/2014,7,13,20,36
2014,04/13/2014,6,6,5,36
2014,04/14/2014,21,15,11,37
2014,04/15/2014,13,11,12,28
2014,04/16/2014,17,11,12,36
2014,04/17/2014,13,4,17,25
2014,04/18/2014,20,5,7,24
2014,04/19/2014,32,9,12,18
2014,04/20/2014,20,5,11,39
2014,04/21/2014,11,18,10,40
2014,04/22/2014,34,13,11,28
2014,04/23/2014,9,7,5,53
2014,04/24/2014,30,5,17,28
2014,04/25/2014,20,11,11,32
2014,04/26/2014,19,12,18,25
2014,04/27/2014,33,4,18,37
2014,04/28/2014,14,14,22,42
2014,04/29/2014,29,7,13,43
2014,04/30/2014,21,12,9,47
2014,05/01/2014,11,5,16,25
2014,05/02/2014,27,9,10,35
2014,05/03/2014,3,7,15,41
2014,05/04/2014,11,7,12,35
2014,05/05/2014,29,18,18,45
2014,05/06/2014,16,17,14,45
2014,05/07/2014,7,6,12,39
2014,05/08/2014,34,10,17,37
2014,05/09/2014,16,12,13,46
2014,05/10/2014,29,9,10,21
2014,05/11/2014,23,5,7,26
2014,05/12/2014,25,10,12,45
2014,05/13/2014,4,6,10,46
2014,05/14/2014,32,17,11,39
2014,05/15/2014,22,12,14,35
2014,05/16/2014,33,7,12,39
2014,05/17/2014,35,5,10,32
2014,05/18/2014,27,4,15,37
2014,05/19/2014,1,10,16,41
2014,05/20/2014,6,10,13,47
2014,05/21/2014,31,6,12,33
2014,05/22/2014,6,8,10,39
2014,05/23/2014,29,9,16,40
2014,05/24/2014,18,11,13,27
2014,05/25/2014,3,5,7,17
2014,05/26/2014,23,7,17,38
2014,05/27/2014,32,4,9,30
2014,05/28/2014,22,10,8,35
2014,05/29/2014,2,5,11,36
2014,05/30/2014,16,4,11,43
2014,05/31/2014,35,7,3,31
2014,06/01/2014,5,2,11,27
2014,06/02/2014,15,2,8,22
2014,06/03/2014,7,10,9,46
2014,06/04/2014,23,10,10,33
2014,06/05/2014,11,5,12,43
2014,06/06/2014,21,10,5,42
2014,06/07/2014,2,7,7,33
2014,06/08/2014,35,5,7,38
2014,06/09/2014,16,9,10,42
2014,06/10/2014,14,4,9,40
2014,06/11/2014,4,11,10,41
2014,06/12/2014,6,9,6,34
2014,06/13/2014,13,6,12,44
2014,06/14/2014,32,6,8,32
2014,06/15/2014,18,2,11,27
2014,06/16/2014,19,21,17,28
2014,06/17/2014,25,6,7,34
2014,06/18/2014,3,5,6,42
2014,06/19/2014,25,11,8,21
2014,06/20/2014,23,7,9,35
2014,06/21/2014,17,10,9,19
2014,06/22/2014,33,4,9,19
2014,06/23/2014,4,6,9,23
2014,06/24/2014,16,9,15,31
2014,06/25/2014,3,6,4,28
2014,06/26/2014,13,8,12,28
2014,06/27/2014,4,12,10,28
2014,06/28/2014,5,7,14,22
2014,06/29/2014,10,4,10,23
2014,06/30/2014,17,1,9,18
2014,07/01/2014,17,19,29,25
2014,07/02/2014,13,6,16,40
2014,07/03/2014,12,8,12,39
2014,07/04/2014,16,14,9,32
2014,07/05/2014,23,6,7,35
2014,07/06/2014,28,3,13,29
2014,07/07/2014,9,9,18,39
2014,07/08/2014,26,5,9,31
2014,07/09/2014,10,11,12,35
2014,07/10/2014,6,12,16,54
2014,07/11/2014,18,8,14,33
2014,07/12/2014,10,10,6,36
2014,07/13/2014,20,1,13,27
2014,07/14/2014,3,7,17,39
2014,07/15/2014,4,5,13,29
2014,07/16/2014,28,5,14,33
2014,07/17/2014,18,6,12,37
2014,07/18/2014,16,8,13,30
2014,07/19/2014,23,13,10,39
2014,07/20/2014,24,4,10,36
2014,07/21/2014,20,8,16,33
2014,07/22/2014,7,7,15,32
2014,07/23/2014,7,9,7,44
2014,07/24/2014,26,9,16,48
2014,07/25/2014,3,10,15,27
2014,07/26/2014,3,7,12,28
2014,07/27/2014,21,2,11,27
2014,07/28/2014,8,9,8,47
2014,07/29/2014,9,8,4,28
2014,07/30/2014,5,6,10,32
2014,07/31/2014,29,8,9,32
2014,08/01/2014,14,9,11,35
2014,08/02/2014,32,8,17,33
2014,08/03/2014,32,5,14,28
2014,08/04/2014,16,6,15,43
2014,08/05/2014,10,12,10,34
2014,08/06/2014,24,6,12,47
2014,08/07/2014,13,11,15,43
2014,08/08/2014,17,11,13,39
2014,08/09/2014,20,10,13,43
2014,08/10/2014,2,11,10,38
2014,08/11/2014,9,7,18,39
2014,08/12/2014,1,8,14,45
2014,08/13/2014,35,17,19,50
2014,08/14/2014,4,11,8,33
2014,08/15/2014,5,12,19,48
2014,08/16/2014,30,12,16,36
2014,08/17/2014,29,2,9,34
2014,08/18/2014,4,1,12,41
2014,08/19/2014,1,13,12,47
2014,08/20/2014,24,8,8,46
2014,08/21/2014,5,9,15,37
2014,08/22/2014,8,5,12,47
2014,08/23/2014,11,6,11,26
2014,08/24/2014,11,4,8,23
2014,08/25/2014,13,7,21,37
2014,08/26/2014,27,6,9,28
2014,08/27/2014,23,9,11,55
2014,08/28/2014,24,6,9,38
2014,08/29/2014,16,8,14,36
2014,08/30/2014,21,5,8,27
2014,08/31/2014,18,4,5,35
2014,09/01/2014,27,12,22,41
2014,09/02/2014,27,11,13,36
2014,09/03/2014,35,4,16,37
2014,09/04/2014,7,2,12,40
2014,09/05/2014,29,15,9,40
2014,09/06/2014,32,9,17,36
2014,09/07/2014,22,7,12,37
2014,09/08/2014,29,8,18,49
2014,09/09/2014,13,5,20,42
2014,09/10/2014,20,9,8,53
2014,09/11/2014,8,9,12,48
2014,09/12/2014,1,7,15,34
2014,09/13/2014,14,14,13,40
2014,09/14/2014,8,6,23,32
2014,09/15/2014,8,11,22,56
2014,09/16/2014,3,3,6,49
2014,09/17/2014,15,5,11,36
2014,09/18/2014,8,7,19,53
2014,09/19/2014,8,9,18,49
2014,09/20/2014,29,7,15,38
2014,09/21/2014,11,8,9,33
2014,09/22/2014,18,5,20,47
2014,09/23/2014,29,5,12,42
2014,09/24/2014,25,7,13,29
2014,09/25/2014,35,6,9,39
2014,09/26/2014,16,7,8,37
2014,09/27/2014,1,6,12,34
2014,09/28/2014,16,9,13,38
2014,09/29/2014,4,10,19,32
2014,09/30/2014,29,6,14,39
2014,10/01/2014,1,9,13,53
2014,10/02/2014,6,15,11,43
2014,10/03/2014,9,11,20,32
2014,10/04/2014,1,4,15,37
2014,10/05/2014,23,6,10,34
2014,10/06/2014,31,12,16,27
2014,10/07/2014,35,8,21,42
2014,10/08/2014,10,10,12,52
2014,10/09/2014,29,7,10,40
2014,10/10/2014,12,9,10,31
2014,10/11/2014,5,9,11,37
2014,10/12/2014,2,7,20,35
2014,10/13/2014,31,8,13,32
2014,10/14/2014,30,13,26,44
2014,10/15/2014,9,6,10,36
2014,10/16/2014,23,6,9,40
2014,10/17/2014,2,8,10,41
2014,10/18/2014,10,11,10,34
2014,10/19/2014,35,5,12,33
2014,10/20/2014,6,13,11,42
2014,10/21/2014,32,8,18,41
2014,10/22/2014,5,13,3,21
2014,10/23/2014,9,8,8,36
2014,10/24/2014,14,8,12,36
2014,10/25/2014,26,11,12,35
2014,10/26/2014,33,6,10,20
2014,10/27/2014,10,12,15,35
2014,10/28/2014,5,5,10,26
2014,10/29/2014,3,2,14,32
2014,10/30/2014,14,12,17,30
2014,10/31/2014,19,6,12,39
2014,11/01/2014,33,11,19,30
2014,11/02/2014,31,4,9,27
2014,11/03/2014,4,6,13,29
2014,11/04/2014,23,5,13,32
2014,11/05/2014,8,12,14,37
2014,11/06/2014,6,12,17,40
2014,11/07/2014,11,10,13,40
2014,11/08/2014,3,13,16,49
2014,11/09/2014,3,6,9,34
2014,11/10/2014,6,6,17,38
2014,11/11/2014,10,6,11,40
2014,11/12/2014,30,10,9,36
2014,11/13/2014,24,6,8,42
2014,11/14/2014,4,8,7,37
2014,11/15/2014,2,14,13,38
2014,11/16/2014,32,7,7,24
2014,11/17/2014,26,5,8,30
2014,11/18/2014,32,9,14,40
2014,11/19/2014,17,6,9,37
2014,11/20/2014,19,10,7,39
2014,11/21/2014,1,7,10,34
2014,11/22/2014,14,5,7,42
2014,11/23/2014,35,7,4,46
2014,11/24/2014,28,11,12,40
2014,11/25/2014,30,9,10,35
2014,11/26/2014,20,7,9,27
2014,11/27/2014,19,4,10,34
2014,11/28/2014,27,9,12,42
2014,11/29/2014,27,4,9,30
2014,11/30/2014,18,7,15,28
2014,12/01/2014,2,4,21,31
2014,12/02/2014,6,10,9,30
2014,12/03/2014,16,10,8,39
2014,12/04/2014,10,7,17,26
2014,12/05/2014,17,11,10,34
2014,12/06/2014,2,13,5,23
2014,12/07/2014,5,11,12,22
2014,12/08/2014,13,13,14,17
2014,12/09/2014,15,6,12,28
2014,12/10/2014,27,11,7,25
2014,12/11/2014,27,13,12,26
2014,12/12/2014,24,6,11,32
2014,12/13/2014,22,7,9,31
2014,12/14/2014,16,7,6,33
2014,12/15/2014,34,7,11,24
2014,12/16/2014,30,11,8,38
2014,12/17/2014,5,12,10,29
2014,12/18/2014,34,9,13,39
2014,12/19/2014,9,14,14,35
2014,12/20/2014,21,9,13,35
2014,12/21/2014,8,8,10,35
2014,12/22/2014,7,11,14,36
2014,12/23/2014,1,18,8,36
2014,12/24/2014,12,13,5,21
2014,12/25/2014,14,6,11,9
2014,12/26/2014,4,5,7,18
2014,12/27/2014,9,11,11,25
2014,12/28/2014,11,10,6,31
2014,12/29/2014,32,13,13,35
2014,12/30/2014,34,10,10,34
2014,12/31/2014,20,9,14,21
2015,01/01/2015,27,0,14,14
2015,01/02/2015,34,7,12,13
2015,01/03/2015,23,6,12,26
2015,01/04/2015,11,8,13,25
2015,01/05/2015,30,10,16,29
2015,01/06/2015,7,8,7,31
2015,01/07/2015,34,16,13,30
2015,01/08/2015,8,14,13,31
2015,01/09/2015,24,9,16,34
2015,01/10/2015,26,14,16,41
2015,01/11/2015,23,4,10,29
2015,01/12/2015,6,9,9,28
2015,01/13/2015,26,14,24,45
2015,01/14/2015,7,8,14,43
2015,01/15/2015,10,19,23,42
2015,01/16/2015,31,10,12,45
2015,01/17/2015,9,12,17,48
2015,01/18/2015,6,7,13,40
2015,01/19/2015,19,10,17,49
2015,01/20/2015,14,16,12,38
2015,01/21/2015,11,13,11,47
2015,01/22/2015,30,10,17,40
2015,01/23/2015,27,13,17,40
2015,01/24/2015,31,23,9,42
2015,01/25/2015,10,9,18,42
2015,01/26/2015,7,13,22,42
2015,01/27/2015,35,6,13,45
2015,01/28/2015,19,7,15,47
2015,01/29/2015,22,11,11,45
2015,01/30/2015,32,7,8,53
2015,01/31/2015,16,15,16,48
2015,02/01/2015,20,8,23,38
2015,02/02/2015,13,12,32,60
2015,02/03/2015,1,5,17,41
2015,02/04/2015,11,10,16,38
2015,02/05/2015,14,13,19,47
2015,02/06/2015,25,13,16,51
2015,02/07/2015,15,10,15,46
2015,02/08/2015,19,3,15,33
2015,02/09/2015,26,12,19,46
2015,02/10/2015,32,13,14,36
2015,02/11/2015,20,10,16,40
2015,02/12/2015,9,7,13,54
2015,02/13/2015,16,17,15,48
2015,02/14/2015,25,8,9,38
2015,02/15/2015,2,6,11,40
2015,02/16/2015,14,6,17,45
2015,02/17/2015,8,8,17,48
2015,02/18/2015,20,18,7,46
2015,02/19/2015,2,6,13,42
2015,02/20/2015,12,7,12,49
2015,02/21/2015,33,8,12,41
2015,02/22/2015,20,6,12,39
2015,02/23/2015,28,11,17,51
2015,02/24/2015,9,10,7,49
2015,02/25/2015,7,5,11,24
2015,02/26/2015,5,7,15,41
2015,02/27/2015,29,9,16,48
2015,02/28/2015,17,9,6,33
2015,03/01/2015,10,6,14,33
2015,03/02/2015,35,13,16,42
2015,03/03/2015,8,9,18,38
2015,03/04/2015,31,15,11,48
2015,03/05/2015,30,9,9,36
2015,03/06/2015,2,15,11,47
2015,03/07/2015,35,13,16,39
2015,03/08/2015,25,6,12,28
2015,03/09/2015,15,10,18,45
2015,03/10/2015,30,8,15,45
2015,03/11/2015,25,10,16,46
2015,03/12/2015,9,7,5,47
2015,03/13/2015,17,15,22,45
2015,03/14/2015,35,9,11,46
2015,03/15/2015,33,7,13,27
2015,03/16/2015,6,9,16,43
2015,03/17/2015,16,9,6,45
2015,03/18/2015,12,9,12,44
2015,03/19/2015,35,11,7,45
2015,03/20/2015,8,5,7,39
2015,03/21/2015,21,7,16,32
2015,03/22/2015,23,5,9,26
2015,03/23/2015,19,3,12,41
2015,03/24/2015,19,8,18,48
2015,03/25/2015,5,11,11,42
2015,03/26/2015,26,11,13,34
2015,03/27/2015,2,9,12,60
2015,03/28/2015,21,6,12,30
2015,03/29/2015,34,8,16,27
2015,03/30/2015,9,4,14,32
2015,03/31/2015,8,10,15,28
2015,04/01/2015,31,13,19,40
2015,04/02/2015,17,2,8,36
2015,04/03/2015,11,5,13,23
2015,04/04/2015,34,16,17,36
2015,04/05/2015,18,4,12,32
2015,04/06/2015,20,10,17,53
2015,04/07/2015,30,9,14,40
2015,04/08/2015,12,6,20,42
2015,04/09/2015,27,10,15,44
2015,04/10/2015,16,12,21,52
2015,04/11/2015,5,14,14,56
2015,04/12/2015,12,9,12,43
2015,04/13/2015,17,9,18,45
2015,04/14/2015,17,13,21,33
2015,04/15/2015,27,11,4,48
2015,04/16/2015,15,7,10,44
2015,04/17/2015,4,13,13,34
2015,04/18/2015,33,9,11,53
2015,04/19/2015,19,9,12,34
2015,04/20/2015,35,5,19,46
2015,04/21/2015,5,7,12,33
2015,04/22/2015,16,10,15,33
2015,04/23/2015,12,6,22,40
2015,04/24/2015,10,4,11,45
2015,04/25/2015,28,11,12,50
2015,04/26/2015,10,4,29,29
2015,04/27/2015,2,9,22,25
2015,04/28/2015,14,8,10,41
2015,04/29/2015,22,10,13,36
2015,04/30/2015,30,11,11,47
2015,05/01/2015,30,4,18,27
2015,05/02/2015,11,8,10,30
2015,05/03/2015,6,7,11,25
2015,05/04/2015,16,12,12,42
2015,05/05/2015,17,11,13,40
2015,05/06/2015,32,5,11,33
2015,05/07/2015,23,3,8,40
2015,05/08/2015,3,10,18,34
2015,05/09/2015,9,10,8,38
2015,05/10/2015,13,5,19,31
2015,05/11/2015,24,4,21,42
2015,05/12/2015,35,11,14,47
2015,05/13/2015,24,9,7,45
2015,05/14/2015,25,10,11,32
2015,05/15/2015,12,6,17,35
2015,05/16/2015,7,8,13,33
2015,05/17/2015,21,9,15,37
2015,05/18/2015,6,8,20,27
2015,05/19/2015,27,6,22,42
2015,05/20/2015,30,7,14,61
2015,05/21/2015,17,5,10,42
2015,05/22/2015,9,13,19,31
2015,05/23/2015,9,11,12,37
2015,05/24/2015,3,1,17,30
2015,05/25/2015,33,7,20,34
2015,05/26/2015,4,7,16,32
2015,05/27/2015,25,8,18,35
2015,05/28/2015,20,9,19,49
2015,05/29/2015,10,9,10,30
2015,05/30/2015,22,11,12,35
2015,05/31/2015,1,8,7,29
2015,06/01/2015,10,5,18,48
2015,06/02/2015,25,8,17,36
2015,06/03/2015,23,9,14,33
2015,06/04/2015,35,7,12,44
2015,06/05/2015,25,14,14,51
2015,06/06/2015,11,8,13,42
2015,06/07/2015,9,6,4,28
2015,06/08/2015,33,4,9,34
2015,06/09/2015,10,6,26,49
2015,06/10/2015,6,6,15,42
2015,06/11/2015,1,11,11,42
2015,06/12/2015,27,7,19,39
2015,06/13/2015,17,5,17,38
2015,06/14/2015,13,2,11,33
2015,06/15/2015,11,5,8,32
2015,06/16/2015,17,14,16,40
2015,06/17/2015,17,9,13,40
2015,06/18/2015,24,11,14,26
2015,06/19/2015,26,7,5,45
2015,06/20/2015,30,8,15,33
2015,06/21/2015,35,10,14,33
2015,06/22/2015,27,7,20,47
2015,06/23/2015,9,9,8,37
2015,06/24/2015,6,5,10,32
2015,06/25/2015,22,8,10,34
2015,06/26/2015,21,13,16,36
2015,06/27/2015,3,7,11,41
2015,06/28/2015,34,5,7,29
2015,06/29/2015,3,7,8,25
2015,06/30/2015,3,10,13,38
2015,07/01/2015,31,9,14,46
2015,07/02/2015,32,6,9,31
2015,07/03/2015,15,8,12,44
2015,07/04/2015,30,5,15,34
2015,07/05/2015,16,7,7,31
2015,07/06/2015,23,9,12,43
2015,07/07/2015,29,5,10,36
2015,07/08/2015,4,11,14,35
2015,07/09/2015,24,8,10,44
2015,07/10/2015,28,7,11,39
2015,07/11/2015,6,5,11,37
2015,07/12/2015,35,5,12,29
2015,07/13/2015,14,6,15,52
2015,07/14/2015,9,8,14,45
2015,07/15/2015,23,9,15,40
2015,07/16/2015,11,5,13,45
2015,07/17/2015,30,10,10,35
2015,07/18/2015,14,8,12,37
2015,07/19/2015,5,7,16,22
2015,07/20/2015,13,3,11,35
2015,07/21/2015,17,14,13,26
2015,07/22/2015,23,7,10,38
2015,07/23/2015,15,5,12,36
2015,07/24/2015,16,5,6,50
2015,07/25/2015,26,7,10,36
2015,07/26/2015,22,1,12,27
2015,07/27/2015,16,8,15,34
2015,07/28/2015,14,9,13,43
2015,07/29/2015,33,4,9,46
2015,07/30/2015,26,12,10,31
2015,07/31/2015,34,13,10,48
2015,08/01/2015,29,8,10,42
2015,08/02/2015,23,8,6,32
2015,08/03/2015,19,9,16,32
2015,08/04/2015,20,8,8,37
2015,08/05/2015,14,11,12,29
2015,08/06/2015,31,10,9,47
2015,08/07/2015,5,5,3,36
2015,08/08/2015,5,8,12,39
2015,08/09/2015,13,5,7,32
2015,08/10/2015,13,7,18,41
2015,08/11/2015,22,6,8,42
2015,08/12/2015,8,12,11,36
2015,08/13/2015,6,5,10,46
2015,08/14/2015,9,14,8,30
2015,08/15/2015,34,10,5,42
2015,08/16/2015,32,4,9,29
2015,08/17/2015,11,7,14,31
2015,08/18/2015,35,10,17,30
2015,08/19/2015,30,14,10,47
2015,08/20/2015,12,9,9,29
2015,08/21/2015,24,13,13,33
2015,08/22/2015,15,10,16,42
2015,08/23/2015,28,4,8,30
2015,08/24/2015,18,5,13,37
2015,08/25/2015,11,7,8,29
2015,08/26/2015,11,9,8,27
2015,08/27/2015,1,8,10,34
2015,08/28/2015,14,8,17,30
2015,08/29/2015,4,7,12,31
2015,08/30/2015,26,3,13,25
2015,08/31/2015,24,8,13,29
2015,09/01/2015,26,4,16,41
2015,09/02/2015,35,9,6,28
2015,09/03/2015,20,9,14,29
2015,09/04/2015,22,6,8,46
2015,09/05/2015,12,6,10,39
2015,09/06/2015,26,9,15,24
2015,09/07/2015,20,4,7,28
2015,09/08/2015,24,4,8,39
2015,09/09/2015,22,8,11,39
2015,09/10/2015,22,9,4,38
2015,09/11/2015,3,5,7,41
2015,09/12/2015,6,13,10,34
2015,09/13/2015,32,7,8,42
2015,09/14/2015,17,10,11,43
2015,09/15/2015,26,11,11,34
2015,09/16/2015,16,6,6,24
2015,09/17/2015,1,7,13,44
2015,09/18/2015,16,7,16,44
2015,09/19/2015,12,9,9,42
2015,09/20/2015,15,4,4,24
2015,09/21/2015,23,3,11,42
2015,09/22/2015,10,11,8,34
2015,09/23/2015,25,7,11,38
2015,09/24/2015,24,6,3,34
2015,09/25/2015,20,7,12,34
2015,09/26/2015,25,8,14,30
2015,09/27/2015,7,2,6,23
2015,09/28/2015,13,6,15,32
2015,09/29/2015,9,9,5,20
2015,09/30/2015,5,10,17,35
2015,10/01/2015,10,5,12,47
2015,10/02/2015,16,10,10,46
2015,10/03/2015,25,9,11,37
2015,10/04/2015,33,7,13,32
2015,10/05/2015,16,12,7,31
2015,10/06/2015,12,7,13,45
2015,10/07/2015,3,6,9,39
2015,10/08/2015,21,5,9,55
2015,10/09/2015,28,8,10,31
2015,10/10/2015,32,8,8,39
2015,10/11/2015,4,1,11,29
2015,10/12/2015,16,10,14,38
2015,10/13/2015,31,9,17,37
2015,10/14/2015,3,5,13,31
2015,10/15/2015,3,8,11,42
2015,10/16/2015,14,9,13,44
2015,10/17/2015,3,14,13,34
2015,10/18/2015,26,5,7,35
2015,10/19/2015,1,9,19,35
2015,10/20/2015,11,11,10,35
2015,10/21/2015,12,2,8,43
2015,10/22/2015,30,5,6,35
2015,10/23/2015,24,6,16,32
2015,10/24/2015,9,6,9,26
2015,10/25/2015,5,2,8,28
2015,10/26/2015,3,9,12,38
2015,10/27/2015,10,8,11,43
2015,10/28/2015,27,9,10,42
2015,10/29/2015,21,10,15,51
2015,10/30/2015,22,15,15,33
2015,10/31/2015,22,10,18,23
2015,11/01/2015,15,6,10,32
2015,11/02/2015,33,9,15,35
2015,11/03/2015,22,6,15,34
2015,11/04/2015,15,7,10,41
2015,11/05/2015,23,8,4,34
2015,11/06/2015,4,12,13,30
2015,11/07/2015,23,10,15,46
2015,11/08/2015,16,6,10,35
2015,11/09/2015,10,5,9,34
2015,11/10/2015,24,8,12,29
2015,11/11/2015,2,7,11,45
2015,11/12/2015,22,19,5,33
2015,11/13/2015,21,11,14,26
2015,11/14/2015,9,12,10,33
2015,11/15/2015,33,1,15,24
2015,11/16/2015,26,6,10,28
2015,11/17/2015,31,13,9,34
2015,11/18/2015,4,3,5,42
2015,11/19/2015,16,12,15,34
2015,11/20/2015,34,9,13,30
2015,11/21/2015,19,7,9,35
2015,11/22/2015,5,5,8,33
2015,11/23/2015,5,6,17,33
2015,11/24/2015,18,8,7,37
2015,11/25/2015,29,9,9,46
2015,11/26/2015,7,4,13,44
2015,11/27/2015,4,6,14,39
2015,11/28/2015,23,4,16,34
2015,11/29/2015,25,6,8,29
2015,11/30/2015,2,6,13,35
2015,12/01/2015,22,13,16,32
2015,12/02/2015,7,10,10,37
2015,12/03/2015,22,13,14,34
2015,12/04/2015,23,11,15,45
2015,12/05/2015,13,8,19,35
2015,12/06/2015,24,6,11,32
2015,12/07/2015,17,16,16,36
2015,12/08/2015,13,4,10,31
2015,12/09/2015,1,5,12,30
2015,12/10/2015,24,6,7,37
2015,12/11/2015,16,12,7,41
2015,12/12/2015,2,7,18,43
2015,12/13/2015,29,5,8,32
2015,12/14/2015,31,14,15,33
2015,12/15/2015,8,7,8,34
2015,12/16/2015,12,10,9,25
2015,12/17/2015,6,10,13,32
2015,12/18/2015,34,8,13,34
2015,12/19/2015,5,10,8,37
2015,12/20/2015,31,3,4,26
2015,12/21/2015,34,6,8,36
2015,12/22/2015,12,7,8,39
2015,12/23/2015,3,11,14,39
2015,12/24/2015,28,10,10,27
2015,12/25/2015,33,2,5,10
2015,12/26/2015,35,4,9,24
2015,12/27/2015,6,7,9,12
2015,12/28/2015,34,9,17,40
2015,12/29/2015,34,11,14,19
2015,12/30/2015,33,13,9,33
2015,12/31/2015,12,9,9,20
2016,01/01/2016,12,0,6,18
2016,01/02/2016,2,4,10,17
2016,01/03/2016,18,6,16,28
2016,01/04/2016,10,13,18,43
2016,01/05/2016,14,5,12,26
2016,01/06/2016,16,12,21,32
2016,01/07/2016,28,12,14,35
2016,01/08/2016,25,9,8,41
2016,01/09/2016,1,13,15,35
2016,01/10/2016,19,7,15,27
2016,01/11/2016,22,11,16,29
2016,01/12/2016,1,11,17,45
2016,01/13/2016,29,11,9,43
2016,01/14/2016,14,17,11,40
2016,01/15/2016,26,8,13,38
2016,01/16/2016,12,12,16,40
2016,01/17/2016,35,4,7,33
2016,01/18/2016,20,8,29,51
2016,01/19/2016,14,7,17,45
2016,01/20/2016,12,11,16,45
2016,01/21/2016,24,10,17,38
2016,01/22/2016,31,12,13,52
2016,01/23/2016,13,9,19,43
2016,01/24/2016,27,6,19,35
2016,01/25/2016,31,7,10,45
2016,01/26/2016,29,11,9,49
2016,01/27/2016,12,11,17,42
2016,01/28/2016,34,10,11,31
2016,01/29/2016,26,15,14,41
2016,01/30/2016,15,11,24,45
2016,01/31/2016,9,8,21,43
2016,02/01/2016,8,10,22,59
2016,02/02/2016,33,11,16,42
2016,02/03/2016,25,14,10,39
2016,02/04/2016,19,7,12,44
2016,02/05/2016,20,14,18,35
2016,02/06/2016,21,9,16,58
2016,02/07/2016,25,6,13,30
2016,02/08/2016,12,7,16,54
2016,02/09/2016,2,9,10,40
2016,02/10/2016,4,5,14,42
2016,02/11/2016,27,9,10,46
2016,02/12/2016,23,10,14,53
2016,02/13/2016,18,8,11,49
2016,02/14/2016,22,2,9,32
2016,02/15/2016,13,14,19,53
2016,02/16/2016,3,9,14,36
2016,02/17/2016,3,12,13,31
2016,02/18/2016,32,6,11,34
2016,02/19/2016,19,4,14,37
2016,02/20/2016,35,4,12,37
2016,02/21/2016,28,10,21,33
2016,02/22/2016,18,7,19,41
2016,02/23/2016,15,5,8,41
2016,02/24/2016,1,9,10,41
2016,02/25/2016,23,9,14,57
2016,02/26/2016,28,11,13,42
2016,02/27/2016,34,9,18,41
2016,02/28/2016,1,4,20,26
2016,02/29/2016,5,7,25,45
2016,03/01/2016,23,13,7,42
2016,03/02/2016,7,8,12,38
2016,03/03/2016,5,12,12,48
2016,03/04/2016,7,14,17,43
2016,03/05/2016,6,8,11,29
2016,03/06/2016,31,7,14,37
2016,03/07/2016,11,9,20,36
2016,03/08/2016,21,9,11,32
2016,03/09/2016,7,5,14,47
2016,03/10/2016,32,5,17,39
2016,03/11/2016,16,5,8,38
2016,03/12/2016,3,4,15,38
2016,03/13/2016,29,4,11,40
2016,03/14/2016,9,11,21,41
2016,03/15/2016,18,2,11,34
2016,03/16/2016,16,6,14,37
2016,03/17/2016,24,4,12,31
2016,03/18/2016,3,5,10,28
2016,03/19/2016,20,14,14,39
2016,03/20/2016,11,5,14,38
2016,03/21/2016,31,7,7,25
2016,03/22/2016,24,8,23,47
2016,03/23/2016,18,9,16,37
2016,03/24/2016,12,5,14,21
2016,03/25/2016,24,1,12,18
2016,03/26/2016,16,12,19,30
2016,03/27/2016,32,4,10,29
2016,03/28/2016,29,8,33,59
2016,03/29/2016,8,5,12,37
2016,03/30/2016,22,7,10,33
2016,03/31/2016,7,7,10,42
2016,04/01/2016,26,12,11,40
2016,04/02/2016,26,7,12,40
2016,04/03/2016,30,2,5,28
2016,04/04/2016,5,6,15,49
2016,04/05/2016,11,10,7,45
2016,04/06/2016,22,2,11,37
2016,04/07/2016,29,6,8,39
2016,04/08/2016,27,7,9,40
2016,04/09/2016,21,9,9,32
2016,04/10/2016,35,4,10,37
2016,04/11/2016,28,10,14,33
2016,04/12/2016,24,7,11,18
2016,04/13/2016,35,1,15,48
2016,04/14/2016,24,3,13,40
2016,04/15/2016,2,4,11,52
2016,04/16/2016,33,6,10,31
2016,04/17/2016,1,6,12,37
2016,04/18/2016,34,12,19,34
2016,04/19/2016,7,8,9,35
2016,04/20/2016,35,8,9,45
2016,04/21/2016,28,7,8,44
2016,04/22/2016,24,9,13,41
2016,04/23/2016,28,8,15,33
2016,04/24/2016,26,3,11,37
2016,04/25/2016,15,3,17,44
2016,04/26/2016,35,14,20,50
2016,04/27/2016,27,9,14,37
2016,04/28/2016,33,7,10,30
2016,04/29/2016,32,6,14,43
2016,04/30/2016,22,6,15,30
2016,05/01/2016,29,1,22,33
2016,05/02/2016,17,7,11,43
2016,05/03/2016,7,9,18,48
2016,05/04/2016,24,7,12,39
2016,05/05/2016,23,10,12,53
2016,05/06/2016,29,9,13,35
2016,05/07/2016,14,14,19,40
2016,05/08/2016,14,4,13,31
2016,05/09/2016,24,4,8,31
2016,05/10/2016,34,12,21,43
2016,05/11/2016,8,5,17,42
2016,05/12/2016,12,7,12,42
2016,05/13/2016,21,6,21,26
2016,05/14/2016,30,5,11,39
2016,05/15/2016,28,8,12,34
2016,05/16/2016,5,10,15,43
2016,05/17/2016,13,12,9,38
2016,05/18/2016,24,10,14,42
2016,05/19/2016,6,9,11,30
2016,05/20/2016,19,9,9,31
2016,05/21/2016,21,12,13,42
2016,05/22/2016,16,1,5,30
2016,05/23/2016,2,4,18,50
2016,05/24/2016,31,5,14,33
2016,05/25/2016,27,7,14,24
2016,05/26/2016,19,7,13,43
2016,05/27/2016,25,10,8,40
2016,05/28/2016,10,9,16,36
2016,05/29/2016,5,3,14,22
2016,05/30/2016,24,4,14,30
2016,05/31/2016,30,11,18,34
2016,06/01/2016,17,14,16,40
2016,06/02/2016,31,10,9,37
2016,06/03/2016,11,10,15,27
2016,06/04/2016,4,5,15,35
2016,06/05/2016,17,3,11,24
2016,06/06/2016,29,7,9,31
2016,06/07/2016,35,8,30,49
2016,06/08/2016,5,12,16,38
2016,06/09/2016,24,8,16,44
2016,06/10/2016,17,15,14,42
2016,06/11/2016,35,13,12,44
2016,06/12/2016,24,2,11,37
2016,06/13/2016,8,7,18,27
2016,06/14/2016,4,8,9,32
2016,06/15/2016,9,8,17,43
2016,06/16/2016,15,7,14,41
2016,06/17/2016,10,6,16,45
2016,06/18/2016,9,7,14,44
2016,06/19/2016,20,4,13,25
2016,06/20/2016,4,11,19,35
2016,06/21/2016,26,12,10,39
2016,06/22/2016,2,9,11,29
2016,06/23/2016,27,13,10,40
2016,06/24/2016,22,6,15,43
2016,06/25/2016,4,12,10,32
2016,06/26/2016,10,3,12,23
2016,06/27/2016,16,8,16,44
2016,06/28/2016,30,6,17,33
2016,06/29/2016,19,9,13,31
2016,06/30/2016,4,10,11,37
2016,07/01/2016,20,10,18,36
2016,07/02/2016,31,6,10,35
2016,07/03/2016,4,3,14,24
2016,07/04/2016,17,3,18,23
2016,07/05/2016,18,12,16,39
2016,07/06/2016,9,5,11,48
2016,07/07/2016,4,8,7,31
2016,07/08/2016,34,3,14,28
2016,07/09/2016,11,8,16,36
2016,07/10/2016,5,5,16,24
2016,07/11/2016,31,12,11,30
2016,07/12/2016,7,7,21,29
2016,07/13/2016,2,12,15,26
2016,07/14/2016,25,10,12,34
2016,07/15/2016,18,6,9,32
2016,07/16/2016,22,7,8,37
2016,07/17/2016,8,5,10,36
2016,07/18/2016,3,7,22,33
2016,07/19/2016,2,3,10,34
2016,07/20/2016,15,2,9,24
2016,07/21/2016,3,5,13,31
2016,07/22/2016,18,10,10,42
2016,07/23/2016,25,10,15,38
2016,07/24/2016,11,7,15,27
2016,07/25/2016,18,9,14,29
2016,07/26/2016,18,11,19,37
2016,07/27/2016,20,4,12,30
2016,07/28/2016,28,8,16,39
2016,07/29/2016,34,6,11,45
2016,07/30/2016,19,13,8,32
2016,07/31/2016,17,1,14,22
2016,08/01/2016,8,18,24,52
2016,08/02/2016,34,13,20,41
2016,08/03/2016,31,9,16,47
2016,08/04/2016,12,8,15,37
2016,08/05/2016,4,5,16,39
2016,08/06/2016,26,13,17,33
2016,08/07/2016,33,5,11,29
2016,08/08/2016,3,8,22,26
2016,08/09/2016,17,10,8,47
2016,08/10/2016,22,4,18,48
2016,08/11/2016,25,16,15,44
2016,08/12/2016,15,8,14,25
2016,08/13/2016,31,8,19,30
2016,08/14/2016,15,8,8,28
2016,08/15/2016,2,6,17,27
2016,08/16/2016,14,8,19,37
2016,08/17/2016,1,7,7,45
2016,08/18/2016,23,10,12,39
2016,08/19/2016,29,10,18,27
2016,08/20/2016,24,8,8,34
2016,08/21/2016,11,3,10,30
2016,08/22/2016,3,3,16,37
2016,08/23/2016,12,8,16,34
2016,08/24/2016,18,5,13,22
2016,08/25/2016,13,4,7,47
2016,08/26/2016,34,9,12,33
2016,08/27/2016,15,10,14,33
2016,08/28/2016,15,5,8,21
2016,08/29/2016,8,2,17,28
2016,08/30/2016,24,10,16,28
2016,08/31/2016,5,12,11,30
2016,09/01/2016,35,17,18,51
2016,09/02/2016,4,12,19,36
2016,09/03/2016,35,12,13,38
2016,09/04/2016,20,4,23,31
2016,09/05/2016,13,14,13,50
2016,09/06/2016,30,17,16,33
2016,09/07/2016,13,17,11,47
2016,09/08/2016,7,15,19,38
2016,09/09/2016,30,11,17,43
2016,09/10/2016,13,15,15,34
2016,09/11/2016,7,7,20,31
2016,09/12/2016,33,8,13,43
2016,09/13/2016,10,5,12,42
2016,09/14/2016,30,12,15,48
2016,09/15/2016,23,10,22,37
2016,09/16/2016,16,9,13,49
2016,09/17/2016,16,12,8,34
2016,09/18/2016,3,2,17,22
2016,09/19/2016,14,13,19,55
2016,09/20/2016,15,7,16,32
2016,09/21/2016,24,9,15,43
2016,09/22/2016,29,10,16,42
2016,09/23/2016,28,7,12,50
2016,09/24/2016,25,7,12,39
2016,09/25/2016,22,1,8,34
2016,09/26/2016,21,8,12,32
2016,09/27/2016,31,3,11,51
2016,09/28/2016,14,6,16,40
2016,09/29/2016,9,7,13,46
2016,09/30/2016,23,11,13,54
2016,10/01/2016,1,12,13,40
2016,10/02/2016,32,2,20,27
2016,10/03/2016,14,6,26,41
2016,10/04/2016,1,15,9,36
2016,10/05/2016,22,11,16,53
2016,10/06/2016,33,8,15,29
2016,10/07/2016,21,2,20,48
2016,10/08/2016,8,8,17,48
2016,10/09/2016,31,7,13,35
2016,10/10/2016,24,15,17,34
2016,10/11/2016,5,15,11,34
2016,10/12/2016,19,13,15,45
2016,10/13/2016,11,15,12,36
2016,10/14/2016,18,10,16,42
2016,10/15/2016,16,11,14,35
2016,10/16/2016,12,7,9,28
2016,10/17/2016,26,5,17,33
2016,10/18/2016,13,15,23,37
2016,10/19/2016,2,11,16,28
2016,10/20/2016,25,12,13,40
2016,10/21/2016,24,10,15,41
2016,10/22/2016,18,10,15,39
2016,10/23/2016,20,6,13,21
2016,10/24/2016,16,8,15,41
2016,10/25/2016,32,6,27,35
2016,10/26/2016,11,14,8,40
2016,10/27/2016,4,9,16,26
2016,10/28/2016,9,8,10,43
2016,10/29/2016,33,9,19,27
2016,10/30/2016,11,4,13,25
2016,10/31/2016,32,13,17,38
2016,11/01/2016,4,11,25,40
2016,11/02/2016,34,8,11,40
2016,11/03/2016,33,12,9,32
2016,11/04/2016,4,12,14,33
2016,11/05/2016,21,7,17,35
2016,11/06/2016,32,3,13,32
2016,11/07/2016,35,8,15,22
2016,11/08/2016,30,9,17,44
2016,11/09/2016,11,7,17,29
2016,11/10/2016,16,4,12,31
2016,11/11/2016,32,9,21,36
2016,11/12/2016,12,8,16,39
2016,11/13/2016,5,2,11,30
2016,11/14/2016,25,0,17,27
2016,11/15/2016,17,4,21,41
2016,11/16/2016,12,14,16,23
2016,11/17/2016,18,6,3,34
2016,11/18/2016,25,8,15,34
2016,11/19/2016,34,8,16,34
2016,11/20/2016,34,6,14,29
2016,11/21/2016,5,9,12,36
2016,11/22/2016,31,12,15,30
2016,11/23/2016,27,10,12,31
2016,11/24/2016,32,8,13,49
2016,11/25/2016,8,5,21,37
2016,11/26/2016,3,8,17,28
2016,11/27/2016,12,6,14,20
2016,11/28/2016,24,11,8,29
2016,11/29/2016,21,5,17,38
2016,11/30/2016,7,13,18,38
2016,12/01/2016,8,13,12,48
2016,12/02/2016,33,15,21,35
2016,12/03/2016,14,9,13,35
2016,12/04/2016,19,4,15,32
2016,12/05/2016,19,12,19,40
2016,12/06/2016,20,11,12,36
2016,12/07/2016,4,10,9,34
2016,12/08/2016,7,1,8,25
2016,12/09/2016,26,6,15,26
2016,12/10/2016,10,6,16,35
2016,12/11/2016,21,10,5,41
2016,12/12/2016,10,14,17,43
2016,12/13/2016,32,12,15,38
2016,12/14/2016,35,11,9,35
2016,12/15/2016,17,11,17,62
2016,12/16/2016,3,12,17,35
2016,12/17/2016,11,10,13,51
2016,12/18/2016,26,5,5,35
2016,12/19/2016,1,11,15,32
2016,12/20/2016,23,11,13,34
2016,12/21/2016,17,10,11,38
2016,12/22/2016,11,13,15,39
2016,12/23/2016,28,17,14,43
2016,12/24/2016,12,11,17,26
2016,12/25/2016,31,0,8,9
2016,12/26/2016,20,6,13,25
2016,12/27/2016,28,8,13,41
2016,12/28/2016,10,13,14,38
2016,12/29/2016,27,8,10,28
2016,12/30/2016,26,22,9,32
2016,12/31/2016,9,12,19,21
2017,01/01/2017,7,6,18,57
2017,01/02/2017,1,13,20,92
2017,01/03/2017,12,21,19,68
2017,01/04/2017,32,14,21,77
2017,01/05/2017,31,12,23,78
2017,01/06/2017,13,16,22,89
2017,01/07/2017,34,16,25,73
2017,01/08/2017,31,7,17,44
2017,01/09/2017,22,18,16,50
2017,01/10/2017,2,27,42,102
2017,01/11/2017,18,22,25,115
2017,01/12/2017,18,20,29,95
2017,01/13/2017,29,20,24,110
2017,01/14/2017,22,22,25,94
2017,01/15/2017,34,9,18,65
2017,01/16/2017,17,29,27,102
2017,01/17/2017,15,32,26,104
2017,01/18/2017,7,19,25,109
2017,01/19/2017,11,26,30,116
2017,01/20/2017,13,25,21,106
2017,01/21/2017,19,19,25,92
2017,01/22/2017,35,14,21,59
2017,01/23/2017,31,23,32,109
2017,01/24/2017,33,26,28,91
2017,01/25/2017,33,28,21,102
2017,01/26/2017,6,30,15,110
2017,01/27/2017,29,16,26,125
2017,01/28/2017,26,24,29,98
2017,01/29/2017,4,19,23,85
2017,01/30/2017,23,17,36,104
2017,01/31/2017,21,20,23,106
2017,02/01/2017,14,21,16,143
2017,02/02/2017,12,21,28,114
2017,02/03/2017,15,27,15,119
2017,02/04/2017,6,35,20,98
2017,02/05/2017,22,14,20,79
2017,02/06/2017,1,31,20,121
2017,02/07/2017,27,22,20,130
2017,02/08/2017,19,25,25,107
2017,02/09/2017,8,23,19,136
2017,02/10/2017,2,44,26,130
2017,02/11/2017,18,33,21,107
2017,02/12/2017,11,8,15,50
2017,02/13/2017,14,26,23,106
2017,02/14/2017,19,23,32,95
2017,02/15/2017,3,26,22,136
2017,02/16/2017,19,23,23,128
2017,02/17/2017,27,25,22,118
2017,02/18/2017,13,28,24,104
2017,02/19/2017,29,14,17,74
2017,02/20/2017,34,22,20,105
2017,02/21/2017,25,18,22,104
2017,02/22/2017,10,27,17,102
2017,02/23/2017,15,23,23,136
2017,02/24/2017,32,22,12,129
2017,02/25/2017,27,29,12,108
2017,02/26/2017,27,9,16,63
2017,02/27/2017,5,19,26,113
2017,02/28/2017,15,25,23,101
2017,03/01/2017,25,20,18,136
2017,03/02/2017,9,28,21,132
2017,03/03/2017,31,26,19,121
2017,03/04/2017,15,22,17,104
2017,03/05/2017,29,11,19,72
2017,03/06/2017,11,13,22,123
2017,03/07/2017,10,30,23,106
2017,03/08/2017,12,25,19,91
2017,03/09/2017,4,19,11,98
2017,03/10/2017,3,27,18,110
2017,03/11/2017,25,29,18,107
2017,03/12/2017,17,7,16,62
2017,03/13/2017,8,14,28,112
2017,03/14/2017,1,23,25,107
2017,03/15/2017,3,26,25,117
2017,03/16/2017,10,20,14,112
2017,03/17/2017,11,32,29,125
2017,03/18/2017,35,27,26,100
2017,03/19/2017,13,7,15,71
2017,03/20/2017,16,17,19,67
2017,03/21/2017,1,33,38,82
2017,03/22/2017,14,25,17,95
2017,03/23/2017,14,24,16,105
2017,03/24/2017,21,21,10,91
2017,03/25/2017,10,32,23,92
2017,03/26/2017,7,12,16,67
2017,03/27/2017,15,27,27,101
2017,03/28/2017,8,25,20,104
2017,03/29/2017,9,26,24,114
2017,03/30/2017,3,27,14,113
2017,03/31/2017,17,34,18,101
2017,04/01/2017,3,20,19,112
2017,04/02/2017,11,8,21,61
2017,04/03/2017,35,28,18,114
2017,04/04/2017,7,16,13,123
2017,04/05/2017,27,18,10,117
2017,04/06/2017,27,20,16,99
2017,04/07/2017,24,26,13,101
2017,04/08/2017,4,20,18,69
2017,04/09/2017,5,8,24,50
2017,04/10/2017,10,28,22,102
2017,04/11/2017,31,24,15,79
2017,04/12/2017,24,21,18,94
2017,04/13/2017,15,9,17,34
2017,04/14/2017,24,6,15,34
2017,04/15/2017,28,15,23,73
2017,04/16/2017,25,8,12,48
2017,04/17/2017,35,24,31,115
2017,04/18/2017,10,30,26,114
2017,04/19/2017,34,21,13,100
2017,04/20/2017,8,25,18,98
2017,04/21/2017,33,28,9,126
2017,04/22/2017,8,29,17,115
2017,04/23/2017,17,8,31,71
2017,04/24/2017,13,34,23,107
2017,04/25/2017,2,26,15,103
2017,04/26/2017,4,24,18,107
2017,04/27/2017,24,26,12,95
2017,04/28/2017,31,20,11,98
2017,04/29/2017,8,29,12,85
2017,04/30/2017,28,7,15,55
2017,05/01/2017,25,13,18,99
2017,05/02/2017,26,18,21,115
2017,05/03/2017,34,14,14,95
2017,05/04/2017,23,26,19,102
2017,05/05/2017,29,20,25,115
2017,05/06/2017,29,35,14,97
2017,05/07/2017,14,21,12,66
2017,05/08/2017,18,22,28,116
2017,05/09/2017,1,27,17,105
2017,05/10/2017,16,26,22,106
2017,05/11/2017,28,38,16,86
2017,05/12/2017,27,28,26,94
2017,05/13/2017,8,41,20,102
2017,05/14/2017,34,8,19,59
2017,05/15/2017,17,25,19,112
2017,05/16/2017,2,24,24,101
2017,05/17/2017,17,22,17,108
2017,05/18/2017,4,24,21,121
2017,05/19/2017,18,26,29,109
2017,05/20/2017,12,30,19,87
2017,05/21/2017,1,15,20,73
2017,05/22/2017,35,17,11,91
2017,05/23/2017,6,21,14,112
2017,05/24/2017,14,26,21,99
2017,05/25/2017,25,28,20,103
2017,05/26/2017,27,23,19,93
2017,05/27/2017,14,31,24,102
2017,05/28/2017,15,18,12,61
2017,05/29/2017,24,23,19,60
2017,05/30/2017,7,31,21,119
2017,05/31/2017,31,24,17,103
2017,06/01/2017,6,30,30,108
2017,06/02/2017,1,25,12,119
2017,06/03/2017,25,26,15,100
2017,06/04/2017,6,12,14,62
2017,06/05/2017,9,27,17,129
2017,06/06/2017,8,31,19,108
2017,06/07/2017,32,33,19,82
2017,06/08/2017,20,23,15,123
2017,06/09/2017,28,33,18,113
2017,06/10/2017,19,26,22,86
2017,06/11/2017,24,19,13,62
2017,06/12/2017,5,24,32,109
2017,06/13/2017,20,35,24,85
2017,06/14/2017,13,26,17,114
2017,06/15/2017,24,31,20,110
2017,06/16/2017,33,36,23,120
2017,06/17/2017,3,29,21,88
2017,06/18/2017,17,15,19,64
2017,06/19/2017,12,17,18,49
2017,06/20/2017,8,24,30,135
2017,06/21/2017,28,19,16,96
2017,06/22/2017,32,31,11,102
2017,06/23/2017,11,32,23,121
2017,06/24/2017,28,22,13,83
2017,06/25/2017,17,19,14,66
2017,06/26/2017,21,16,14,62
2017,06/27/2017,29,22,27,110
2017,06/28/2017,13,25,28,130
2017,06/29/2017,31,29,26,129
2017,06/30/2017,12,25,22,107
2017,07/01/2017,18,29,10,100
2017,07/02/2017,32,3,11,54
2017,07/03/2017,26,13,25,64
2017,07/04/2017,35,43,27,124
2017,07/05/2017,8,27,17,111
2017,07/06/2017,3,24,25,110
2017,07/07/2017,4,29,24,113
2017,07/08/2017,32,28,17,96
2017,07/09/2017,14,13,15,83
2017,07/10/2017,26,23,20,117
2017,07/11/2017,20,28,23,119
2017,07/12/2017,24,17,17,103
2017,07/13/2017,29,28,14,116
2017,07/14/2017,22,24,20,97
2017,07/15/2017,21,29,31,101
2017,07/16/2017,34,13,20,67
2017,07/17/2017,17,32,28,112
2017,07/18/2017,8,24,22,122
2017,07/19/2017,22,27,10,104
2017,07/20/2017,12,16,10,56
2017,07/21/2017,9,32,21,130
2017,07/22/2017,28,25,19,92
2017,07/23/2017,12,11,22,55
2017,07/24/2017,8,21,23,110
2017,07/25/2017,31,26,16,108
2017,07/26/2017,22,19,18,93
2017,07/27/2017,5,16,22,125
2017,07/28/2017,27,22,23,107
2017,07/29/2017,17,42,23,107
2017,07/30/2017,34,18,21,61
2017,07/31/2017,1,19,22,127
2017,08/01/2017,21,34,19,127
2017,08/02/2017,34,30,20,113
2017,08/03/2017,26,33,9,110
2017,08/04/2017,19,35,15,118
2017,08/05/2017,3,26,17,102
2017,08/06/2017,24,11,16,76
2017,08/07/2017,8,10,22,62
2017,08/08/2017,8,26,37,144
2017,08/09/2017,7,30,15,96
2017,08/10/2017,30,37,18,137
2017,08/11/2017,32,27,25,111
2017,08/12/2017,24,25,12,94
2017,08/13/2017,35,13,19,72
2017,08/14/2017,20,25,15,98
2017,08/15/2017,32,21,17,133
2017,08/16/2017,13,30,20,109
2017,08/17/2017,12,40,16,119
2017,08/18/2017,1,39,15,108
2017,08/19/2017,33,39,17,84
2017,08/20/2017,12,14,19,52
2017,08/21/2017,15,21,16,75
2017,08/22/2017,21,40,23,138
2017,08/23/2017,20,25,15,129
2017,08/24/2017,3,19,12,104
2017,08/25/2017,26,26,14,131
2017,08/26/2017,33,16,17,96
2017,08/27/2017,29,10,8,67
2017,08/28/2017,2,25,30,120
2017,08/29/2017,21,26,23,88
2017,08/30/2017,12,21,22,124
2017,08/31/2017,18,35,19,112
2017,09/01/2017,4,24,13,142
2017,09/02/2017,27,26,19,74
2017,09/03/2017,7,16,11,76
2017,09/04/2017,23,32,25,118
2017,09/05/2017,12,20,20,104
2017,09/06/2017,34,26,14,99
2017,09/07/2017,11,23,17,93
2017,09/08/2017,16,23,14,118
2017,09/09/2017,18,21,14,96
2017,09/10/2017,14,16,8,61
2017,09/11/2017,33,20,21,110
2017,09/12/2017,18,35,17,121
2017,09/13/2017,31,26,10,140
2017,09/14/2017,11,22,12,124
2017,09/15/2017,28,26,20,131
2017,09/16/2017,13,29,19,81
2017,09/17/2017,23,17,15,67
2017,09/18/2017,33,25,17,130
2017,09/19/2017,22,22,13,92
2017,09/20/2017,1,22,17,119
2017,09/21/2017,20,28,7,105
2017,09/22/2017,30,33,16,120
2017,09/23/2017,20,39,10,96
2017,09/24/2017,22,11,11,47
2017,09/25/2017,24,34,18,104
2017,09/26/2017,27,28,13,113
2017,09/27/2017,33,24,14,98
2017,09/28/2017,10,19,15,104
2017,09/29/2017,12,30,17,105
2017,09/30/2017,11,34,12,81
2017,10/01/2017,3,23,12,63
2017,10/02/2017,8,18,19,115
2017,10/03/2017,3,28,11,113
2017,10/04/2017,10,21,16,115
2017,10/05/2017,24,28,18,120
2017,10/06/2017,26,23,16,116
2017,10/07/2017,3,25,17,88
2017,10/08/2017,23,10,10,63
2017,10/09/2017,25,27,20,110
2017,10/10/2017,27,33,12,111
2017,10/11/2017,28,24,12,95
2017,10/12/2017,17,38,13,97
2017,10/13/2017,32,30,18,117
2017,10/14/2017,29,25,17,81
2017,10/15/2017,25,10,17,69
2017,10/16/2017,1,17,15,68
2017,10/17/2017,13,34,13,95
2017,10/18/2017,25,28,7,97
2017,10/19/2017,32,26,15,109
2017,10/20/2017,9,23,18,100
2017,10/21/2017,10,31,20,96
2017,10/22/2017,2,8,14,59
2017,10/23/2017,35,28,19,114
2017,10/24/2017,26,23,13,120
2017,10/25/2017,6,26,11,117
2017,10/26/2017,24,25,18,100
2017,10/27/2017,33,18,10,114
2017,10/28/2017,11,34,14,89
2017,10/29/2017,19,10,12,77
2017,10/30/2017,33,34,20,114
2017,10/31/2017,17,35,12,108
2017,11/01/2017,19,15,11,115
2017,11/02/2017,31,29,15,126
2017,11/03/2017,5,26,10,106
2017,11/04/2017,22,34,13,83
2017,11/05/2017,24,9,13,56
2017,11/06/2017,30,19,16,76
2017,11/07/2017,17,31,22,106
2017,11/08/2017,7,25,16,99
2017,11/09/2017,14,23,12,98
2017,11/10/2017,22,32,17,103
2017,11/11/2017,3,26,10,105
2017,11/12/2017,28,7,25,58
2017,11/13/2017,10,29,15,73
2017,11/14/2017,31,25,14,96
2017,11/15/2017,25,23,25,131
2017,11/16/2017,32,29,11,108
2017,11/17/2017,6,33,11,113
2017,11/18/2017,5,22,13,88
2017,11/19/2017,19,19,5,62
2017,11/20/2017,22,31,14,96
2017,11/21/2017,14,21,15,127
2017,11/22/2017,20,33,15,113
2017,11/23/2017,13,33,19,95
2017,11/24/2017,30,31,25,118
2017,11/25/2017,32,38,16,99
2017,11/26/2017,24,15,18,82
2017,11/27/2017,30,29,20,114
2017,11/28/2017,34,31,10,130
2017,11/29/2017,2,27,13,124
2017,11/30/2017,6,40,11,131
2017,12/01/2017,12,47,13,119
2017,12/02/2017,9,29,11,80
2017,12/03/2017,32,16,9,71
2017,12/04/2017,11,31,17,124
2017,12/05/2017,13,32,16,108
2017,12/06/2017,19,31,24,115
2017,12/07/2017,20,31,13,117
2017,12/08/2017,13,11,11,49
2017,12/09/2017,12,31,8,88
2017,12/10/2017,27,20,7,62
2017,12/11/2017,13,36,20,111
2017,12/12/2017,27,32,13,127
2017,12/13/2017,13,36,16,106
2017,12/14/2017,30,31,13,132
2017,12/15/2017,14,31,21,126
2017,12/16/2017,25,21,9,96
2017,12/17/2017,24,16,21,94
2017,12/18/2017,18,34,13,108
2017,12/19/2017,4,26,9,112
2017,12/20/2017,2,34,15,116
2017,12/21/2017,10,28,17,117
2017,12/22/2017,17,36,14,101
2017,12/23/2017,10,40,24,72
2017,12/24/2017,1,17,14,49
2017,12/25/2017,12,3,2,31
2017,12/26/2017,15,24,20,95
2017,12/27/2017,28,30,16,86
2017,12/28/2017,33,40,16,76
2017,12/29/2017,25,43,17,113
2017,12/30/2017,19,48,18,82
2017,12/31/2017,10,22,8,36
2018,01/01/2018,23,7,15,60
2018,01/02/2018,35,20,25,76
2018,01/03/2018,29,19,22,77
2018,01/04/2018,23,25,14,80
2018,01/05/2018,23,19,25,100
2018,01/06/2018,17,28,16,77
2018,01/07/2018,34,13,15,55
2018,01/08/2018,17,17,22,72
2018,01/09/2018,23,29,16,86
2018,01/10/2018,5,26,22,106
2018,01/11/2018,2,36,19,115
2018,01/12/2018,11,49,13,104
2018,01/13/2018,10,27,22,95
2018,01/14/2018,11,16,12,75
2018,01/15/2018,17,40,34,127
2018,01/16/2018,20,37,20,113
2018,01/17/2018,5,29,16,112
2018,01/18/2018,11,34,13,141
2018,01/19/2018,26,30,16,130
2018,01/20/2018,16,44,12,115
2018,01/21/2018,11,10,15,55
2018,01/22/2018,28,19,26,143
2018,01/23/2018,14,35,25,112
2018,01/24/2018,14,28,17,123
2018,01/25/2018,31,38,19,129
2018,01/26/2018,31,30,19,145
2018,01/27/2018,6,29,14,102
2018,01/28/2018,13,17,16,63
2018,01/29/2018,14,33,29,141
2018,01/30/2018,23,32,25,118
2018,01/31/2018,14,41,13,138
2018,02/01/2018,6,26,16,129
2018,02/02/2018,7,24,18,142
2018,02/03/2018,21,36,17,92
2018,02/04/2018,13,12,13,57
2018,02/05/2018,11,20,28,129
2018,02/06/2018,34,36,17,119
2018,02/07/2018,18,31,18,118
2018,02/08/2018,6,31,18,113
2018,02/09/2018,13,29,19,109
2018,02/10/2018,19,32,13,91
2018,02/11/2018,28,6,14,70
2018,02/12/2018,12,35,16,105
2018,02/13/2018,11,20,14,126
2018,02/14/2018,35,32,20,113
2018,02/15/2018,26,46,19,131
2018,02/16/2018,20,26,19,97
2018,02/17/2018,25,30,18,97
2018,02/18/2018,15,8,15,73
2018,02/19/2018,27,33,21,113
2018,02/20/2018,28,25,30,119
2018,02/21/2018,32,22,24,106
2018,02/22/2018,8,41,11,119
2018,02/23/2018,26,26,13,112
2018,02/24/2018,23,27,8,93
2018,02/25/2018,18,11,21,77
2018,02/26/2018,7,37,20,101
2018,02/27/2018,23,33,8,99
2018,02/28/2018,3,22,10,108
2018,03/01/2018,26,39,17,144
2018,03/02/2018,1,41,14,130
2018,03/03/2018,3,32,12,93
2018,03/04/2018,5,13,19,60
2018,03/05/2018,15,22,22,124
2018,03/06/2018,18,27,9,96
2018,03/07/2018,24,29,13,92
2018,03/08/2018,10,28,13,120
2018,03/09/2018,4,27,9,115
2018,03/10/2018,35,22,16,81
2018,03/11/2018,33,6,14,62
2018,03/12/2018,14,38,25,110
2018,03/13/2018,23,34,14,116
2018,03/14/2018,34,30,9,106
2018,03/15/2018,34,26,13,122
2018,03/16/2018,25,36,20,131
2018,03/17/2018,11,26,13,93
2018,03/18/2018,23,10,13,52
2018,03/19/2018,18,13,20,55
2018,03/20/2018,15,27,13,116
2018,03/21/2018,30,37,11,104
2018,03/22/2018,27,24,11,125
2018,03/23/2018,17,30,17,105
2018,03/24/2018,11,23,11,86
2018,03/25/2018,3,18,7,54
2018,03/26/2018,15,31,19,102
2018,03/27/2018,3,31,13,92
2018,03/28/2018,29,34,21,91
2018,03/29/2018,32,12,19,53
2018,03/30/2018,6,5,12,48
2018,03/31/2018,35,29,10,79
2018,04/01/2018,26,14,6,77
2018,04/02/2018,17,39,31,117
2018,04/03/2018,23,30,27,102
2018,04/04/2018,22,16,16,119
2018,04/05/2018,17,30,11,98
2018,04/06/2018,24,27,18,111
2018,04/07/2018,33,36,17,110
2018,04/08/2018,12,9,10,57
2018,04/09/2018,20,29,23,99
2018,04/10/2018,17,22,13,120
2018,04/11/2018,2,27,11,107
2018,04/12/2018,9,25,12,104
2018,04/13/2018,28,29,17,113
2018,04/14/2018,16,27,16,76
2018,04/15/2018,23,8,20,72
2018,04/16/2018,33,36,21,100
2018,04/17/2018,9,35,19,119
2018,04/18/2018,17,25,21,124
2018,04/19/2018,14,38,10,110
2018,04/20/2018,10,40,12,132
2018,04/21/2018,13,33,18,93
2018,04/22/2018,25,15,13,61
2018,04/23/2018,7,27,18,106
2018,04/24/2018,30,26,17,108
2018,04/25/2018,28,28,11,109
2018,04/26/2018,33,24,12,114
2018,04/27/2018,4,23,9,115
2018,04/28/2018,16,31,15,83
2018,04/29/2018,6,16,8,68
2018,04/30/2018,8,24,20,88
2018,05/01/2018,15,7,10,62
2018,05/02/2018,11,28,20,104
2018,05/03/2018,2,19,15,100
2018,05/04/2018,32,24,21,119
2018,05/05/2018,15,24,26,91
2018,05/06/2018,18,6,10,57
2018,05/07/2018,23,28,19,105
2018,05/08/2018,26,21,7,102
2018,05/09/2018,29,23,16,91
2018,05/10/2018,12,24,15,126
2018,05/11/2018,14,39,10,113
2018,05/12/2018,9,29,9,104
2018,05/13/2018,31,20,12,65
2018,05/14/2018,11,24,8,66
2018,05/15/2018,23,34,11,111
2018,05/16/2018,16,29,15,136
2018,05/17/2018,27,26,7,120
2018,05/18/2018,33,33,13,112
2018,05/19/2018,17,26,9,82
2018,05/20/2018,8,8,6,71
2018,05/21/2018,16,31,13,118
2018,05/22/2018,32,24,13,106
2018,05/23/2018,7,31,15,103
2018,05/24/2018,10,26,18,100
2018,05/25/2018,31,24,7,94
2018,05/26/2018,12,20,10,83
2018,05/27/2018,25,13,19,47
2018,05/28/2018,3,26,19,119
2018,05/29/2018,24,40,15,100
2018,05/30/2018,1,24,13,94
2018,05/31/2018,2,21,14,137
2018,06/01/2018,8,22,16,130
2018,06/02/2018,29,25,19,80
2018,06/03/2018,8,14,8,65
2018,06/04/2018,9,18,12,49
2018,06/05/2018,22,30,22,120
2018,06/06/2018,18,21,15,97
2018,06/07/2018,22,24,13,120
2018,06/08/2018,35,29,20,114
2018,06/09/2018,27,35,13,80
2018,06/10/2018,17,9,20,68
2018,06/11/2018,6,16,10,86
2018,06/12/2018,13,33,10,119
2018,06/13/2018,16,19,10,100
2018,06/14/2018,14,27,24,130
2018,06/15/2018,18,26,19,134
2018,06/16/2018,8,40,11,87
2018,06/17/2018,6,10,10,53
2018,06/18/2018,16,25,12,112
2018,06/19/2018,26,18,8,98
2018,06/20/2018,1,35,24,85
2018,06/21/2018,32,22,17,107
2018,06/22/2018,34,32,13,96
2018,06/23/2018,32,25,20,86
2018,06/24/2018,32,5,12,53
2018,06/25/2018,35,18,18,114
2018,06/26/2018,9,16,23,105
2018,06/27/2018,16,33,16,98
2018,06/28/2018,17,21,17,117
2018,06/29/2018,32,29,12,88
2018,06/30/2018,25,25,12,83
2018,07/01/2018,12,7,10,66
2018,07/02/2018,31,15,6,56
2018,07/03/2018,10,21,24,109
2018,07/04/2018,24,23,29,100
2018,07/05/2018,27,22,13,109
2018,07/06/2018,30,36,12,99
2018,07/07/2018,9,30,17,101
2018,07/08/2018,16,16,11,69
2018,07/09/2018,14,19,19,97
2018,07/10/2018,13,26,15,92
2018,07/11/2018,25,21,12,102
2018,07/12/2018,15,35,14,105
2018,07/13/2018,6,17,21,118
2018,07/14/2018,30,27,13,84
2018,07/15/2018,1,10,6,54
2018,07/16/2018,31,23,15,96
2018,07/17/2018,28,30,12,96
2018,07/18/2018,9,21,22,111
2018,07/19/2018,2,25,19,113
2018,07/20/2018,22,19,11,78
2018,07/21/2018,32,31,9,72
2018,07/22/2018,13,16,12,56
2018,07/23/2018,21,33,24,110
2018,07/24/2018,33,30,13,90
2018,07/25/2018,26,24,18,88
2018,07/26/2018,3,22,22,118
2018,07/27/2018,25,33,13,107
2018,07/28/2018,28,24,16,102
2018,07/29/2018,14,17,12,64
2018,07/30/2018,31,20,23,111
2018,07/31/2018,4,26,10,84
2018,08/01/2018,1,22,19,99
2018,08/02/2018,2,19,10,111
2018,08/03/2018,10,27,14,115
2018,08/04/2018,15,25,12,84
2018,08/05/2018,25,12,18,61
2018,08/06/2018,19,29,20,96
2018,08/07/2018,10,9,11,47
2018,08/08/2018,16,21,17,101
2018,08/09/2018,28,14,14,100
2018,08/10/2018,14,28,13,125
2018,08/11/2018,26,25,9,94
2018,08/12/2018,30,11,16,60
2018,08/13/2018,24,28,14,104
2018,08/14/2018,29,41,15,88
2018,08/15/2018,25,21,14,91
2018,08/16/2018,17,25,10,104
2018,08/17/2018,11,32,14,120
2018,08/18/2018,21,29,7,96
2018,08/19/2018,16,18,6,64
2018,08/20/2018,13,17,11,47
2018,08/21/2018,15,29,18,105
2018,08/22/2018,6,24,12,97
2018,08/23/2018,13,28,12,113
2018,08/24/2018,34,29,8,96
2018,08/25/2018,13,24,9,78
2018,08/26/2018,21,13,13,60
2018,08/27/2018,7,25,17,97
2018,08/28/2018,17,23,17,93
2018,08/29/2018,34,25,20,99
2018,08/30/2018,9,27,12,132
2018,08/31/2018,15,25,13,89
2018,09/01/2018,34,29,13,90
2018,09/02/2018,12,20,8,72
2018,09/03/2018,9,23,17,82
2018,09/04/2018,22,17,16,80
2018,09/05/2018,19,27,8,93
2018,09/06/2018,18,22,11,100
2018,09/07/2018,8,27,10,86
2018,09/08/2018,25,29,13,79
2018,09/09/2018,13,3,13,44
2018,09/10/2018,19,16,14,92
2018,09/11/2018,15,24,4,85
2018,09/12/2018,12,16,13,69
2018,09/13/2018,13,20,14,79
2018,09/14/2018,17,18,9,94
2018,09/15/2018,9,28,7,65
2018,09/16/2018,17,7,11,45
2018,09/17/2018,32,17,11,78
2018,09/18/2018,21,20,1,62
2018,09/19/2018,16,14,11,67
2018,09/20/2018,34,23,12,86
2018,09/21/2018,27,21,7,66
2018,09/22/2018,1,14,6,55
2018,09/23/2018,5,9,9,47
2018,09/24/2018,13,14,13,53
2018,09/25/2018,3,15,14,56
2018,09/26/2018,19,10,8,58
2018,09/27/2018,35,8,2,44
2018,09/28/2018,3,7,2,34
2018,09/29/2018,33,12,6,24
2018,09/30/2018,2,6,8,25
